:020000040800F2
:1000000000500020597F0008A17F0008A17F000850
:10001000A17F0008A17F0008A17F00080000000068
:10002000000000000000000000000000A17F0008A8
:10003000A17F000800000000A17F000833670008CE
:10004000A17F0008A17F0008A17F0008A17F000810
:10005000A17F0008A17F0008096900080F69000856
:10006000156900081B69000821690008A17F0008C4
:10007000A17F0008A17F0008A17F0008A17F0008E0
:10008000A17F0008A17F0008A17F0008A17F0008D0
:10009000A17F0008A17F0008A17F00082769000850
:1000A000A17F000885640008A17F0008996400080A
:1000B0009D640008B1640008C56400082D32000882
:1000C000393200084532000851320008A17F00088B
:1000D000A17F0008C9750008E1750008FD750008DA
:1000E0004F690008A17F0008A17F00080000000000
:1000F0000000000000000000000000000000000000
:0C01000000000000000000005FF808F1A3
:10010C00034613F8012B002AFBD1181A013870474B
:10011C0010B5054C237833B9044B13B10448AFF335
:10012C0000800123237010BD04010020000000009A
:10013C00748D000808B5034B1BB103490348AFF39A
:10014C00008008BD0000000008010020748D00082C
:10015C00704790F92C30002BBABF90F82900C009D9
:10016C0000207047024690F82C3013F040001CBF62
:10017C0092F82900C0F380107047024690F82C309A
:10018C0013F020001CBF92F82900C0F340107047F8
:10019C00024690F82C3013F010001CBF92F8290086
:1001AC00C0F300107047024690F82C3013F0080092
:1001BC001CBF92F82900C0F3C0007047024690F8AB
:1001CC002C3013F004001CBF92F82900C0F38000FF
:1001DC007047024690F82D3013F010001CBF92F8B7
:1001EC002A00C0F300107047024690F82D3013F02F
:1001FC0008001CBF92F82A00C0F3C0007047000032
:10020C000122014B1A707047C303002010B504463D
:10021C00034B04490360044807F053FD204610BD0E
:10022C00089600088C8D0008F406002010B50446D2
:10023C00FFF7ECFF2046302106F09FF9204610BD59
:10024C00012A02D1016000207047022A05D0032A3E
:10025C00F9D0002AF7D10260F5E70B680360F2E7EA
:10026C0003681847012A02D1016000207047022A56
:10027C0005D0032AF9D0002AF7D10260F5E70B6804
:10028C000360F2E7036808681847836810B50446F2
:10029C0013B1032201469847204610BDCBB2322B36
:1002AC0008D80E4A01F4E06152F823301943C0F823
:1002BC008810704701F0C002C02A0CD1CF2B0AD88D
:1002CC00074B01F03F0253F82220044B01F4E0618C
:1002DC0053F82230EAE74FF0FF31E8E7689C00085A
:1002EC00289C0008CBB2322B08D80E4A01F4E061EE
:1002FC0052F823301943C0F88410704701F0C00243
:10030C00C02A0CD1CF2B0AD8074B01F03F0253F86F
:10031C002220044B01F4E06153F82230EAE74FF05D
:10032C00FF31E8E7689C0008289C0008036810B5BA
:10033C001B6B044698474A2808D104232371236871
:10034C002046D3F8E0309847012010BD0020FCE790
:10035C0070B5067B044616B1FFF7E8FF70BD0123AC
:10036C0003730369ABB1D0E905230B490B4807F0C4
:10037C00A8FC206902F090FAD4E904512846FFF752
:10038C00B1FF2846A169FFF789FF3146284602F0E4
:10039C00F7FC2046E0E700BF9C8D0008F406002027
:1003AC0038B5044607F054FF054607F051FF431BD0
:1003BC00A342FAD338BD000038B52C2007F00AFF51
:1003CC00044601210E2007F06DFE012C084D0CD1C6
:1003DC002B78012B03D00749074807F05FFC00215D
:1003EC000E2007F0BDFE2C7038BD0121F8E700BFD0
:1003FC00C0030020AA8D0008740200201FB5002441
:10040C00274802F049FA69462548CDE90044CDE970
:10041C00024402F071FA6846FFF737FF694620483C
:10042C00CDE90044CDE9024402F096FA6846FFF7A4
:10043C002CFF0520FFF7B4FF1A4B19495A6EC1F86F
:10044C0084201B6EC1F8883007F002FF164B186031
:10045C0007F0FEFE154B224618601F21234610485C
:10046C0002F093FC124B69460093124B0C48039319
:10047C00114B0194029302F03FFA6846FFF705FF17
:10048C000E4B694600930E4B054803930D4B01949C
:10049C00029302F061FA6846FFF7F7FE04B010BD54
:1004AC00A8040020689C00085C0200205802002070
:1004BC00D1250008910200087102000849270008A4
:1004CC006D0200084D02000838B50B4D6C792418EC
:1004DC0048BF0F3424F00F04F02CA8BFF024102CCC
:1004EC00B8BF102442F2107007F068FD21460820B6
:1004FC0007F06AFD6C7138BD2001002070B50C4E00
:10050C00B47A241848BF1F3424F01F04A4F120032C
:10051C00D02B254684BF00252C4642F2107007F0E4
:10052C004DFD2946282007F04FFDB47270BD00BF69
:10053C002001002000212D2007F012BE01212D20CA
:10054C0007F00EBE70B505460C460026AE4205DB24
:10055C002146BDE870402D2007F002BEFFF7EAFFF0
:10056C004FF4C87007F076FEFFF7E8FFC82007F0DD
:10057C0071FE0136EAE700000022044B83F84020AC
:10058C0083F83F2083F83E20704700BF1002002004
:10059C000F4982B0ADF8040091F83E001E2815D822
:1005AC0091F84030BDF80420013021F813201F22AF
:1005BC000133DBB2B3FBF2F281F83E000120C2EB57
:1005CC0042129B1A81F8403002B070470020FBE7C2
:1005DC001002002007B5ADF804000198FFF7D8FF12
:1005EC00D8B90F49BDF8042091F8403021F81320F8
:1005FC001F220133DBB2B3FBF2F0C0EB40101B1A2D
:10060C0081F8403091F83F300133DBB2B3FBF2F2AA
:10061C00C2EB42129B1A81F83F3003B05DF804FB29
:10062C001002002037B5144B1B7823B903B0BDE87A
:10063C003040FFF7A1BF114C8DF80400A5788DF860
:10064C000510EB0642BFE37843F00803E370019812
:10065C00FFF79EFF68B9AA0742BFE37843F0010396
:10066C00E370EB0705D5019803B0BDE83040FFF708
:10067C00B1BF03B030BD00BFC1030020200100207A
:10068C0037B5104A92F83E30D3B192F83F40013B57
:10069C00611CC9B282F83F1012F8140002EB44043A
:1006AC0065781F24B1FBF4F482F83E302B46C4EB82
:1006BC004414091B82F83F1040EA032003B030BDFC
:1006CC001846F9E71002002038B50024114B124DE2
:1006DC00C3F8D440A3F8D840022115F8010B01341B
:1006EC0007F0E0FC072CF7D100240C4D002115F885
:1006FC00010B013407F0D6FC082CF7D10024084D6F
:10070C00022115F8010B013407F0CCFC0C2CF7D1AD
:10071C0038BD00BF30010020E0970008D8970008D2
:10072C00CC97000808B507F055FD003818BF01201C
:10073C0008BD0000D222064B9A700A229A7105223B
:10074C00DA7120225A7100229A72DA72704700BF55
:10075C00200100202DE9F041D0F814E004460F46AA
:10076C0016461D46BEF1000F04D0F446BDE8F0411C
:10077C00007C6047406818B94FF0FF30BDE8F0814D
:10078C00217C02F0B1F86068394603681B68984711
:10079C00606802F02EFA0028EED12A46217C6068AF
:1007AC0002F024FA60682A4603683146DB699847F0
:1007BC00281A18BF4FF0FF30E0E7002307B58DF87B
:1007CC0007300DF107020123FFF7C4FF431C18BFCC
:1007DC009DF8070003B05DF804FB10B51446FFF755
:1007EC00ECFF431C0ED0C117C4F12002A4F120036E
:1007FC00E04001FA02F2104321FA03F3184300F02F
:10080C00010010BD0020FCE708B5032200210C30CC
:10081C00FFF7E3FF08BD10B500F10C040121032222
:10082C002046FFF7DAFF014620B905222046FFF7E4
:10083C00D4FF10BD0020FCE708B5142931D8DFE83F
:10084C0001F00B11131517303030303030191C1EDD
:10085C0020222426282B2E00002280210C30FFF78A
:10086C00BCFF08BD0122F8E70222F6E70322F4E7F9
:10087C000422F2E700229021F0E70122FBE702229A
:10088C00F9E70322F7E70422F5E70522F3E707224D
:10089C00F1E700229121E1E702221821DEE706228E
:1008AC00E9E70020DDE7036810B59B68044698472C
:1008BC0028B1A42104F10C00FFF77FFF10BD4FF00D
:1008CC00FF30FBE708B501210C30FFF776FF401134
:1008DC00431E5842584108BD10B50848FFF7E3FFC6
:1008EC00431C044607D00548FFF7ECFF44EAC0144C
:1008FC00034BDC7210BD0024FAE700BF900300200C
:10090C002001002008B501210C30FFF756FF4011E3
:10091C00831E5842584108BD38B500F10C050446F9
:10092C0048212846FFF749FF492184F8280028462A
:10093C00FFF743FF4A2184F829002846FFF73DFFC3
:10094C0094F8293094F828201B0284F82A0043EAF2
:10095C000243C0B20021184338BD032108B50C3046
:10096C00FFF72BFFC0B208BD272108B50C30FFF7ED
:10097C0024FFC0F3810008BD08B527210C30FFF718
:10098C001CFF431C0CBF002000F0030008BD08B581
:10099C0062210C30FFF711FF431C0CBF002000F04C
:1009AC001F0008BD642108B50C30FFF706FF00F0EE
:1009BC00030008BD08B524210C30FFF7FEFE431CD4
:1009CC001FBF00F0070000EB800000EB80008000F0
:1009DC000CBF002000F6282008BD162108B50C30ED
:1009EC00FFF7EBFE00F0070008BD08B5132972D81D
:1009FC00DFE801F00A18274547717171717171595F
:100A0C006567696B7375777982210C30FFF7D5FEBA
:100A1C0000F01F0000EB800000EB8000800000F273
:100A2C00DC5059E083210C30FFF7C7FE431C52D039
:100A3C0000F07F031846462B4FEA8303184414DC5E
:100A4C000BE084210C30FFF7B8FE00F07F03462B3F
:100A5C0018464FEA830204DC1044400000F5FA709B
:100A6C003AE0473B102B104402D88000C83804E011
:100A7C0000EB80008000A0F5E15080B22CE08521D5
:100A8C00D1E786210C30FFF798FE411C23D000F0F3
:100A9C001F00192837D000EB800000EB800080008D
:100AAC0000F5AF6018E092210C30FFF786FE00F0E5
:100ABC001F0000EB800000EB80008000CEE793214C
:100ACC00F2E79421F0E79521EEE796210C30FFF741
:100ADC0074FE421CEBD1002008BD9721F6E799214A
:100AEC00F4E79A21F2E76A210C30FFF766FE431C0B
:100AFC00F1D000F0070000EB800000EB80008000DC
:100B0C0000F62820E8E74FF49660E5E738B500F1E9
:100B1C000C0500212846FFF750FE0121044628460B
:100B2C00FFF74BFE240204F4F85400F01F0020439E
:100B3C0038BD38B5036805469B68984708B900204E
:100B4C0038BD0C3534212846FFF737FE04463521D5
:100B5C002846FFF732FE621CF1D0431CEFD0240272
:100B6C0004F4F854204380B2EAE773B5866904466E
:100B7C000D468DF8072036B10123007C0DF10702DC
:100B8C00B04702B070BD4068B0B1217C01F0ACFE42
:100B9C006068294603681B689847606801220368EF
:100BAC000DF107015B689847606802F022F8003885
:100BBC0018BF01204042E4E74FF0FF30E1E738B5C1
:100BCC0000F10C040D4620466921FFF7F6FD431C8D
:100BDC000BD000F0C80242EA051242F0050269216E
:100BEC00204602F0FD02FFF7C0FF38BD08B5FFF745
:100BFC00A1FCBDE8084001210148FFF7E0BF00BFA0
:100C0C009003002010B51348FFF7FEFD00B3114808
:100C1C00FFF749FE04462D2007F0DCFA631E1F2B5C
:100C2C0001460AD80120FFF78DFC0A48FFF74AFE5F
:100C3C0070B1BDE81040FFF7D9BFA4F12103202B00
:100C4C0001D80220EFE7423C222CEED80320EAE741
:100C5C0010BD00BF90030020504BF0B45C680568D9
:100C6C000173002C00F09880002D00F09580AE7878
:100C7C004B4A013E28789278042E2ED8DFE806F0F5
:100C8C0025031D21290052067FD4002800F0848002
:100C9C0002290FD1A0F120035F2B0AD9A0F1080380
:100CAC00022B06D9D42804D000F14C03DBB2032B61
:100CBC006ED801212346F0BC18475306E5D5A22077
:100CCC0064E05706E1D5A32060E05606DDD5A420EC
:100CDC005CE05506D9D5A52058E0C12809D10129D9
:100CEC0001BF93F8DB6083F8DA1086F0010683F815
:100CFC00DB601206C9D593F8D72012B993F8D82027
:100D0C0032B1A0F14102192A01D96878BDE701225C
:100D1C0093F8DB501DB1A0F14105192D32D993F890
:100D2C00D65015B993F8DD3023B301290BD100F05F
:100D3C00FD032C2B30D020282ED042282CD0492833
:100D4C0028D1D120B6E703299FD12C2804D16FF0EC
:100D5C000F00F0BCFFF7B8BB2E2801D11020F8E72C
:100D6C00202804D04228EAD1F0BCFFF74BBFF0BCDE
:100D7C00FFF7C4BB002A88D1A0F14103192B84D8FA
:100D8C002030C0B2022995D193E7A120022991D13C
:100D9C0002218FE700288DD1F0BC70473001002074
:100DAC002001002038B5037B04460D46032B00F2CE
:100DBC009480DFE803F002304158002900F08D8068
:100DCC0003689A78474B1AB101211A4482F8D4105F
:100DDC0093F8DA1093F8D62089B1284693F8DC50B2
:100DEC00002D4DD193F8D710002977D01AB140F2CD
:100DFC000111A3F8DC10114600284AD04CE093F8FE
:100E0C00D8000028EAD022B140F20111A3F8DA1080
:100E1C00E3E71046E2E707F01BFA6368C01AB0F587
:100E2C00967F05D902212046BDE83840FFF714BF54
:100E3C00002D52D10321F6E70029FBD007F008FA68
:100E4C006368C01AB0F5967F47D907F001FAA3681A
:100E5C00C01A642841D902212046FFF7FDFE07F095
:100E6C00F7F9A06039E003689A7822B11D4B13445E
:100E7C00002283F8D42000212160D4E7B1B90FE01F
:100E8C00A0B993F8D71021B9294693F8D8000028B7
:100E9C00F4D00120A3F8DA0041B993F8D71011B9B6
:100EAC0093F8D81011B10121A3F8DC101AB983F80A
:100EBC00DA2083F8DC201A6832B193F8DA0093F860
:100ECC00DC1000B901B1904701212046FFF7C4FEA8
:100EDC0007F0BEF900236060A36038BD0028DCD1A8
:100EEC000146D2E730010020FF222DE9F04F7D4B67
:100EFC0085B01A7007F0ACF97B4CD4F8D030C01A1E
:100F0C00102840F2A8800026784B794DDFF8E49148
:100F1C00029303954FF0000BC846DA46029B012161
:100F2C0013F8017B3846029307F0BCF800213846D1
:100F3C0007F016F9704B0193019B13F8010B019309
:100F4C00FFF7F0FB012380F0010111F0FF0103FA20
:100F5C000BF200F083809E4209D1BBF1040F01BF5C
:100F6C00604B93F800C02CF0100C83F800C02AEAF8
:100F7C00020A4FF0000C5C4B9A68424500F0AC80C2
:100F8C000CF1010CBCF10A0F03F11403F4D140B9BC
:100F9C00554A9168002972D001300A2802F11402D6
:100FAC00F7D10BF1010BBBF1070F08F11808C3D1F6
:100FBC00039B012103F801AB38460393013607F07C
:100FCC00CFF80021384607F06DF8082E09F1030917
:100FDC00A0D14FF0000B4FF00109DFF82081484EF3
:100FEC00404FDFF804A118F8010BFFF79BFBBBF196
:100FFC00070F80F00101C9B250D82B7800294AD0D4
:10100C0003F07F032B70A4460023DCF80820B242C7
:10101C005CD001330A2B0CF1140CF6D140B92346E9
:10102C009A68002A47D001300A2803F11403F7D13B
:10103C000BF1010B5FFA8BFBBBF10C0F06F10306F6
:10104C0005F10105CFD1FF22294B1A7207F000F9E7
:10105C00254BC3F8D00005B0BDE8F08F012E09D1A7
:10106C00BBF1040F01BF1F4B93F800C04CF0100CE8
:10107C0083F800C04AEA02025FFA82FA79E7142385
:10108C0058432218117501210830C2F808802044F9
:10109C00FFF788FE85E763F07F03B3E7ABF1080247
:1010AC00D2B23B7809FA02F219B123EA02033B707F
:1010BC00A9E71343FBE714230121584323180830F5
:1010CC009E601A752044FFF76DFEB1E758B21423E9
:1010DC0003FB00A00830F6E7142303FB0C40083098
:1010EC00D6E700BF0000002030010020D897000890
:1010FC006002002024970008E0970008CC970008B5
:10110C0000970008032910B5044602D9042904D01D
:10111C0010BDBDE81040FFF752BD0C3469212046CC
:10112C00FFF74BFB431CF3D000F0F90040F0010239
:10113C0069212046FFF719FDEAE770B504460D4614
:10114C001646FFF73AFB431C0CD0012303FA06F2B8
:10115C00024329462046D2B2FFF707FDB0FA80F0D1
:10116C00400970BD0020FCE708B5002210210C30AE
:10117C00FFF7E3FF08BD000038B51348FFF793FBFA
:10118C0014280446114D18D82B6801332B60FFF737
:10119C00D5F9012C0BDC02210B48FFF710FD2CB903
:1011AC002B68032B02D90848FFF7DEFF38BD03215B
:1011BC00BDE838400448FFF702BD00242C60FFF75F
:1011CC00B9F92146F4E700BF900300205402002037
:1011DC0008B500210348FFF7F2FCBDE80840FFF713
:1011EC00CBBF00BF9003002008B5002268210C3053
:1011FC00FFF7A3FF08BD08B5022230210C30FFF722
:10120C009CFF08BD08B5002230210C30FFF795FF7C
:10121C0008BD08B5032230210C30FFF78EFF08BD46
:10122C0008B5012230210C30FFF787FF08BD08B547
:10123C00042230210C30FFF780FF08BD08B51329BC
:10124C002ED8DFE801F00A101214162D2D2D2D2D9D
:10125C002D181B1D1F212325272A002280210C302D
:10126C00FFF76BFF08BD0122F8E70222F6E7032225
:10127C00F4E70422F2E700229021F0E70122FBE7D9
:10128C000222F9E70322F7E70422F5E70522F3E748
:10129C000722F1E700229121E1E702221821DEE783
:1012AC000020DFE708B5002226210C30FFF745FFB0
:1012BC0008BD70B50446002500F10C06FF2248213C
:1012CC003046FFF752FCFF224921304684F8285063
:1012DC00FFF74BFCFF224A21304684F82950FFF7D8
:1012EC0044FC84F82A5070BD642238B5B1FBF2F589
:1012FC0002FB15139BB22BB11449154806F0E1FC07
:10130C00002038BD40F62723994203D840F6282206
:10131C001049F2E740F6E442914201D90E49ECE75C
:10132C0000F10C0424212046FFF747FA431CE7D0B8
:10133C0000F0F800A5F11A02024324212046D2B293
:10134C00FFF713FCB0FA80F04009DAE7BD8D000816
:10135C00F4060020DF8D0008178E000870B50446D7
:10136C000D461646FFF729FA431C0DD0012303FA4C
:10137C0006F220EA020229462046D2B2FFF7F5FB1C
:10138C00B0FA80F0400970BD0020FCE708B50122DE
:10139C0030210C30FFF7E2FF08BD08B500223021E8
:1013AC000C30FFF7DBFF08BD08B5042230210C30F0
:1013BC00FFF7D4FF08BD08B5032230210C30FFF72E
:1013CC00CDFF08BD08B5022230210C30FFF7C6FF57
:1013DC0008BD08B5002268210C30FFF7BFFF08BD1F
:1013EC0038B5036804465B6D0D46984728B12D4906
:1013FC002D4806F066FC002038BD142DFBD801A347
:10140C0053F825F0651400087314000877140008CD
:10141C007B1400087F140008031400080314000850
:10142C000314000803140008031400080314000834
:10143C0083140008891400088D1400089114000806
:10144C0095140008991400089D140008A1140008B4
:10145C00A7140008AD1400080022802104F10C0030
:10146C00FFF77CFFC8E70122F7E70222F5E703222A
:10147C00F3E70422F1E700229021EFE70122FBE7DA
:10148C000222F9E70322F7E70422F5E70522F3E746
:10149C000722F1E700229121E0E702221821DDE783
:1014AC000622E9E74F8E0008F40600202DE9F843E8
:1014BC000C460B462C49161E05462C4A2C4808BFD8
:1014CC000A462C4906F0FDFB14F0FF0710D005F17D
:1014DC000C0740213846FFF770F9CEB344EA0002FE
:1014EC00D2B23846402185F82B20FFF73EFB074649
:1014FC0014F47F4F13D005F10C08412140464FEAFC
:10150C001429FFF75AF936B349EA00095FFA89F250
:10151C004121404685F82C20FFF727FB074314F4A4
:10152C007F0F10D005F10C0842214046240CFFF728
:10153C0044F9A6B10443E2B24221404685F82D207D
:10154C00FFF713FB0743B7FA87F04009BDE8F883B0
:10155C0020EA0402C4E720EA0902D2B2D8E720EA62
:10156C000402D2B2E8E700BFA08E0008998E0008F2
:10157C00F4060020A88E000808B511460022FFF7DB
:10158C0095FF08BD08B511460122FFF78FFF08BD76
:10159C0038B500F10C040D4620462721FFF70DF954
:1015AC00431C0CD000F0F30242EA850227212046AE
:1015BC00D2B2FFF7DAFAB0FA80F0400938BD002059
:1015CC00FCE738B500F10C040D4620462721FFF747
:1015DC00F4F8431C0BD000F0FC0045EA0002272174
:1015EC002046FFF7C2FAB0FA80F0400938BD00205F
:1015FC00FCE7102938B50D4601D9002038BD00F1A3
:10160C000C0462212046FFF7D8F8431CF5D000F0FB
:10161C00E00045EA000262212046FFF7A6FAB0FA84
:10162C0080F04009EAE7052938B50D4601D90020BC
:10163C0038BD00F10C0464212046FFF7BEF8431CB2
:10164C00F5D000F0FC0045EA000264212046FFF7CB
:10165C008CFAB0FA80F04009EAE738B500F10C05D5
:10166C000C4628461621FFF7A8F8431C0CD000F0B6
:10167C00F80004F00702024316212846FFF775FA1A
:10168C00B0FA80F0400938BD0020FCE738B500F115
:10169C000C050C4628468321FFF78FF8431C11D00C
:1016AC00A4F5FA73B3F52F7F00F0800018D80A2246
:1016BC00B4FBF2F302FB1344A4B22CB11049114851
:1016CC0006F0FFFA002038BDA3F132020243832159
:1016DC002846D2B2FFF749FAB0FA80F04009F2E797
:1016EC00A4F2C443B3F5A07FECD81422B4FBF2F3FC
:1016FC0002FB1344A4B2002CE0D103F10A02E5E78B
:10170C00B88E0008F406002038B500F10C050C4624
:10171C0028468421FFF751F8431C12D0A4F5FA7324
:10172C009AB2B2F52F7F00F0800018D80A22B4FBD1
:10173C00F2F102FB114189B229B11949194806F09D
:10174C00C0FA002038BDB3FBF2F2024384212846D4
:10175C00D2B2FFF70AFAB0FA80F04009F2E7A4F22D
:10176C00C443B3F5A07F0AD81422B4FBF2F302FBF6
:10177C001344A4B2002CE0D103F10A02E5E7A4F56E
:10178C00C863B3F5E16FDCD86422B4FBF2F302FB5F
:10179C001344A4B2002CD0D103F14802D5E700BF0A
:1017AC00DA8E0008F406002038B500F10C050C4662
:1017BC0028468521FFF701F8431C11D0A4F5FA73D4
:1017CC00B3F52F7F00F0800018D80A22B4FBF2F397
:1017DC0002FB1344A4B22CB11049114806F071FA63
:1017EC00002038BDA3F13202024385212846D2B233
:1017FC00FFF7BBF9B0FA80F04009F2E7A4F2C4435A
:10180C00B3F51B7FECD81422B4FBF2F302FB1344A8
:10181C00A4B2002CE0D103F10A02E5E7DA8E00084D
:10182C00F4060020642238B5B1FBF2F302FB13136B
:10183C009BB20C4623B11E491E4806F042FA0DE03D
:10184C00B1F5966F12D0B1F5AF6F09D24FF4AF630B
:10185C004FF496621849174806F033FA002038BD49
:10186C0040F67462914201D91449E5E700F10C0588
:10187C0086212846FEF7A1FF431CEFD0B4F5966FE6
:10188C001EBF6423A4F5AF64B4FBF3F400F0E002D4
:10189C0018BF22434FF0860128460CBF42F01902B4
:1018AC00D2B2FFF762F9B0FA80F04009D7E700BF77
:1018BC00BD8D0008F4060020FB8E0008278F000861
:1018CC0070B56426B1FBF6F306FB13139BB20C4602
:1018DC0033B132461549164806F0F3F9002070BDB5
:1018EC00B1F5FA7F03D24FF4FA721249F3E740F6DE
:1018FC00AC52914201D91049EDE700F10C0596214B
:10190C002846FEF75AFF431CE8D0A4F5FA74B4FB42
:10191C00F6F400F0E00044EA000296212846D2B228
:10192C00FFF723F9B0FA80F04009D8E7BD8D000825
:10193C00F40600204D8F00087D8F000870B56426DA
:10194C00B1FBF6F306FB13139BB20C4633B13246D4
:10195C001449154806F0B5F9002070BDB1F5FA7FB1
:10196C0003D24FF4FA721149F3E740F64852914210
:10197C0001D90F49EDE700F10C0599212846FEF736
:10198C001CFFA4F5FA74B4FBF6F400F0E00020435D
:10199C00C2B299212846FFF7E8F8B0FA80F0400966
:1019AC00DBE700BFBD8D0008F4060020AD8F0008FA
:1019BC00DD8F0008642238B5B1FBF2F502FB15137C
:1019CC009BB22BB11349144806F07BF9002038BDAB
:1019DC0040F62723994203D840F628220F49F2E714
:1019EC0040F6E4429142F9D800F10C046A212046F9
:1019FC00FEF7E3FE431CE9D000F0F800A5F11A0253
:101A0C0002436A212046D2B2FFF7AFF8B0FA80F059
:101A1C004009DCE70D900008F40600204590000812
:101A2C00036870B55B6D05460E461446984728B1A1
:101A3C009B499C4806F045F9002070BD142EFBD83C
:101A4C0001A353F826F000BFA91A0008FB1A0008DE
:101A5C00051B00080F1B0008191B0008451A00087D
:101A6C00451A0008451A0008451A0008451A0008CE
:101A7C00451A0008231B00086D1B0008B51B000845
:101A8C00FF1B0008491C0008491C0008531C0008D7
:101A9C00531C00085D1C0008671C00086421B4FB83
:101AAC00F1F301FB13439BB213B164227E4906E0B0
:101ABC0040F2DB539C4206D840F2DC527B49794819
:101ACC0006F0FFF8B8E740F64852944201D978493D
:101ADC00F5E7A4F2DC52B2FBF1F28221D2B205F1AD
:101AEC000C00FFF742F8B0FA80F04009A5E7214658
:101AFC002846FFF7CBFDA0E721462846FFF704FE5A
:101B0C009BE721462846FFF74FFE96E721462846DD
:101B1C00FFF788FE91E76426B4FBF6F306FB13434C
:101B2C009BB2002BC1D1B4F5FA7F03D24FF4FA72F9
:101B3C006049C4E740F6AC52944201D95E49BEE715
:101B4C000C3592212846FEF738FEA4F5FA74B4FB46
:101B5C00F6F4922100F0E0022243D2B22846C0E70C
:101B6C006426B4FBF6F306FB13439BB2002B9CD10B
:101B7C00B4F5FA7F03D24FF4FA7250499FE740F65E
:101B8C00AC52944201D94E4999E70C359321284621
:101B9C00FEF713FEA4F5FA74B4FBF6F400F0E002C1
:101BAC0022439321D2B2D9E76426B4FBF6F306FBA9
:101BBC0013439BB2002B7FF478AFB4F5FA7F03D2BA
:101BCC004FF4FA723F497AE740F6AC52944201D98D
:101BDC003D4974E70C3594212846FEF7EEFDA4F53B
:101BEC00FA74B4FBF6F400F0E00222439421D2B272
:101BFC00B4E76426B4FBF6F306FB13439BB2002B4D
:101C0C007FF453AFB4F5FA7F03D24FF4FA722F4935
:101C1C0055E740F6AC52944201D92D494FE70C35AB
:101C2C0095212846FEF7C9FDA4F5FA74B4FBF6F429
:101C3C0000F0E00222439521D2B28FE721462846DC
:101C4C00FFF73EFEF9E621462846FFF777FEF4E65D
:101C5C0021462846FFF7AEFEEFE63222B4FBF2F641
:101C6C0002FB16439BB2002B7FF420AFB4F5FA7F36
:101C7C0003D24FF4FA72174921E7B4F5AF6F03D9C9
:101C8C004FF4AF6214491AE70C3598212846FEF739
:101C9C0094FD0A3E00F0E00232439821D2B25DE797
:101CAC0098900008F4060020BD8D0008DE90000816
:101CBC00059100082C9100085C9100088C9100089B
:101CCC00BC910008EC9100081C9200084C92000892
:101CDC007C920008AC920008DD9200082DE9F043DC
:101CEC00012185B00D2006F0DDF900210D2006F054
:101CFC0037FA0A20FEF71EFD06F0ACFA06224FF466
:101D0C00E131754805F030FF744B75495A6E00246B
:101D1C00C1F884201B6E7248C1F8883000231F2143
:101D2C001A4601F032F86F4B694600936E4B6C48C3
:101D3C0003936E4B0194029300F0DEFD6846FEF7B0
:101D4C00A4FA6B4F6B4B6C4E6946654801946B4C17
:101D5C0000930397029600F0FFFD6846FEF795FA94
:101D6C0094F80C80B8F1000F00F093802046FEF739
:101D7C00DDFA634B002840F0A38018706149564887
:101D8C0005F08CFF00212C2006F08CF901212D2070
:101D9C0006F088F900212D2006F0E2F901210E2031
:101DAC0006F080F901210E2006F0DAF942F21070EB
:101DBC0006F004F96421082006F006F9FEF784FC0D
:101DCC00514B524A00205A60FEF77EFB01210D2038
:101DDC0006F0C6F94FF42F614848FFF785FA4748DB
:101DEC00FFF7D4FA4548FFF7FFF94448FFF703FA29
:101DFC004248FFF707FA4148FFF70BFA04213F4826
:101E0C00FFF780F90221292006F04CF900230193F9
:101E1C003F4B6946032229200093CDE9026705F068
:101E2C00F3FF6846FEF731FA4FF0FF3200233348D8
:101E3C00FFF7A2FB3148FFF73CFA364A00232F4844
:101E4C00FFF7A0FB1A213448FEF7B7FC421C05D063
:101E5C0000F00F021A213048FEF787FE1A212E4897
:101E6C00FEF7ABFC431C07D000F0F00040F0010281
:101E7C001A212948FEF779FE0022284B1A6001220C
:101E8C00274B1A70FEF728FD05B0BDE8F043FFF7AD
:101E9C0073B901231B214FF01A09224D23732846D5
:101EAC00C4E905192561FEF71DFA49462846FEF7D7
:101EBC00F5F94146284600F063FF3423237755E7B4
:101ECC0001220E481A70FEF748FD174902460248D7
:101EDC0005F0F7FE56E700BF74020020689C00086E
:101EEC00A8040020D1250008910200087102000806
:101EFC006D020008492700084D02000890030020DD
:101F0C00C20300200E9300083001002031060008A7
:101F1C000D02000800FC18009C0300208C0300201C
:101F2C00C1030020C40300202393000870B516469B
:101F3C000546FEF742FC044631462846FEF73DFCBA
:101F4C00621C07D0431C05D0240204F47C542043AB
:101F5C0080B270BD0020FCE7036810B5DB68044656
:101F6C00984728B13922382104F10C00FFF7DEFF25
:101F7C0010BD08B53B223A210C30FFF7D7FF08BD46
:101F8C0010B55A495A4805F06FFE5A48FEF79AFCAC
:101F9C00594C5A49002818BF2146554805F07EFE79
:101FAC005749534805F060FE5248FEF7ABFC5349C5
:101FBC00002818BF21464E4805F070FE51494C4888
:101FCC0005F052FE01215048FEF7F7FB4B4B400940
:101FDC0014BF19462146464805F060FE4B4944485B
:101FEC0005F042FE4348FEF716FC4449002818BF92
:101FFC0021463F4805F052FE45493D4805F034FE68
:10200C00052200214048FEF7E8FB3C49002818BF98
:10201C002146374805F042FE3E49354805F024FE7E
:10202C0001213948FEF7C9FB431C5DD000F00700C5
:10203C00052808D8DFE800F00350525456583649AA
:10204C002B4805F02BFE3549294805F00DFE294893
:10205C00FEF76FFD0A220146254805F07EFE304949
:10206C00234805F01BFE2F49214805F0FDFD2148B2
:10207C00FFF772FF0A2201461D4805F06EFE284943
:10208C001B4805F00BFE2849194805F0EDFD1948D1
:10209C00FFF76FFF0A220146154805F05EFE204946
:1020AC00134805F0FBFD1348FEF7AEFB78B11F4952
:1020BC000F4805F0D9FD0F48FEF7F5FB0A22014643
:1020CC000B4805F04AFE1A49094805F0E7FDBDE842
:1020DC001040074805F0D0BD1649B1E71649AFE7E7
:1020EC001649ADE71649ABE71649A9E73693000840
:1020FC0074020020900300202F93000833930008F3
:10210C00429300084F9300089C0300205A93000848
:10211C00649300087093000882930008D193000820
:10212C00148E0008E1930008F19300080394000852
:10213C00169400088D93000898930008A893000843
:10214C00B9930008C593000873B5074B1B784BB1C6
:10215C00012B0DD04FF47A70584306F07BF80348EE
:10216C00FFF702F802B070BDC203002090030020FC
:10217C0006F06EF8A64C2368C01A44F62063984209
:10218C0012D906F065F82060A248FEF78CFB0446D5
:10219C00601C00F0A6819F48FEF794FB44EAC01433
:1021AC00FEF7EAFF9C4BDC729C4B1A78002AD9D0C4
:1021BC000022984C1A702046FEF7AEFB0546984953
:1021CC00984805F051FD10222946964805F0C7FDA8
:1021DC009549944805F048FD02222946914805F09E
:1021EC00CBFD94F92B30002B07DA94F92830002B17
:1021FC0003DA8E498B4805F051FD94F82B305906C3
:10220C000AD594F828305A0606D58949854805F030
:10221C0045FD8048FEF7A8FF94F82B309B0607D5A8
:10222C0094F828309E0603D582497E4805F036FD89
:10223C0094F82B301D0707D594F82830180703D5D0
:10224C007D49784805F02AFD94F82B30990707D57D
:10225C0094F828309A0703D57849724805F01EFD8A
:10226C0094F82B30DB0707D594F82830DE0703D51C
:10227C0073496C4805F012FD6648FDF76AFF18B10A
:10228C007049684805F00AFD6248FDF76BFF28B1FC
:10229C006D49644805F002FDFEF79AFF5D48FDF7B5
:1022AC006CFF70B15B48FEF7FEFA451C08BF0020BE
:1022BC00594B18BF40F08000D8726449594805F05A
:1022CC00EDFC5448FDF764FF40B10022524B6049CD
:1022DC005448DA7205F0E2FCFEF77AFF4D48FDF740
:1022EC0062FF38B35B494F4805F0D8FC01219120BF
:1022FC00FEF798F958494B4805F0B6FC0423002525
:10230C00194656480DEB03020195FEF723FA01AE70
:10231C000A2216F8011B434805F02CFD01355049E3
:10232C00404805F0A1FC042DF2D13E4805F0A4FC78
:10233C00FFF726FE3748FDF741FF90B14949394870
:10234C0005F0ACFC00210D2005F00AFF00210E2049
:10235C0005F006FF2F480421FEF7D4FE2D48FEF7AA
:10236C0003FF94F82C30980707D594F82930990777
:10237C0003D53D492B4805F091FC94F82C30DA0735
:10238C0007D594F82930DB0703D53849254805F0E3
:10239C0085FC94F82D305E0607D594F82A305D063E
:1023AC0003D533491F4805F079FC94F82D30980675
:1023BC0007D594F82A30990603D52E49194805F00B
:1023CC006DFC1448FDF705FF80B11248FEF76BFA5F
:1023DC00421C08BF0020104B18BF40F08000D87280
:1023EC002549104805F05AFCFEF7F2FE0948FDF7A6
:1023FC00FBFE00284DD00748FEF755FA431C08BFDA
:10240C000020054B18BF40F08000D8721B4937E004
:10241C008C0300209003002020010020C303002027
:10242C001894000874020020279400082D940008CA
:10243C004194000855940008629400087D940008AB
:10244C0096940008B0940008BD940008CA94000843
:10245C00D6940008E2940008F49400089C03002031
:10246C000B9500080D9500081E9500082E95000888
:10247C003E9500085295000869950008799500086A
:10248C00194805F00BFC1948FEF7BEF908B1FEF728
:10249C00ADFB94F82D305E0707D594F82A305D0714
:1024AC0003D51349104805F0F9FB94F82D30980723
:1024BC0007D594F82A30990703D50E490A4805F038
:1024CC00EDFB94F82D30DA0707D594F82A30DB07AA
:1024DC0003D50949044805F0E1FB0448FEF7E9FE81
:1024EC0040E600245EE600BF74020020900300204A
:1024FC008A950008A2950008B695000810B5FFF75C
:10250C0023FEFEF7F1FC05F0A3FE42F21073984295
:10251C000AD905F09DFE40F6C4140B4B1B68C01A7B
:10252C00A04208D9FDF76AFFFDF746FFBDE8104051
:10253C000A20FDF735BF05F08BFE044B1B68C01A53
:10254C00A042EFD8F0E700BF5C0200205802002048
:10255C0007B51A221B210F4800F038F9002205217B
:10256C000D4B0E48C3E908221A739A600C4A197174
:10257C001A600C4A17211A611622C3E9051234227B
:10258C001A77332309220A21009305F09BF903B033
:10259C005DF804FBC40300209003002074020020AB
:1025AC0008960008A804002008B50448FDF72EFE84
:1025BC00BDE80840024800F083B900BF900300203A
:1025CC00C403002037B5504800F0DAF8002834DD99
:1025DC0005F03EFE00244D4B18604B4800F0D0F83F
:1025EC00B8B94B4C9DF800302070607002204949FE
:1025FC0003F07F03013B9DF9002008700D2B1CD8C4
:10260C00DFE803F0121B1B3C1D1B1B6A152A374A03
:10261C00585D3D4800F0B8F804F108036B4403F82A
:10262C00080C84F00104D8E71623637005E0FEF76C
:10263C0027F8C0F307232370607003B030BD002A65
:10264C00354D05DA9DF8013000206B71FDF73CFF2C
:10265C00052323706B79E8E7002A2F4D05DA9DF8E6
:10266C0001300020AB72FDF749FF0A232370AB7ACF
:10267C00DBE70B232370284BDB7AD6E7274B93F849
:10268C00DD2093F8DB305B0143EA8213244A92F895
:10269C003E2013432370D0E70C232370214B224898
:1026AC001A68C4F801205A681B7A426003720A2324
:1026BC000B70C2E70D2323701C4B1B78B5E7002A67
:1026CC0006DA9DF801201A4B052A98BF06221A70CB
:1026DC000E2323700123A8E7002ABBBF4FF47A70A6
:1026EC009DF801304FF47A70584305F0B3FDBFF3F9
:1026FC004F8F1049104BCA6802F4E0621343CB6051
:10270C00BFF34F8F00BFFDE7A80400205C02002040
:10271C006A02002069020020200100203001002004
:10272C0010020020600200206B020020000000203C
:10273C00C203002000ED00E00400FA0508B505F026
:10274C0087FD0A4B18600A4B1A78511E092905D8C7
:10275C00BDE808400749084800F0A0B902221A70E9
:10276C000022044B1A705A7008BD00BF580200209A
:10277C00690200206A020020A80400200020704793
:10278C00028BC08A101A70470346C28A018B914291
:10279C0081BF0169885C0132DA8298BF4FF0FF304B
:1027AC007047028BC38A9A4286BF0269D05C4FF095
:1027BC00FF307047806DD0F8DC302BB10023D43063
:1027CC0020F8B23CC36818477047000070B54FF44E
:1027DC007A730E460021C0E90113034615462B4AB5
:1027EC00044643F8C42BC0F8C4109C22C3E9011161
:1027FC00C0E93411C0E93611C0F8E010283005F0FA
:10280C00B9FEF3B2322B19D8214A06F4E06652F81D
:10281C0023301E43EBB2322BC4F8846022D81C4AFE
:10282C0005F4E06552F823301D4300232046C4F81C
:10283C008850E36123842361A38270BD06F0C0023B
:10284C00C02A0CD1CF2B0AD8124B06F03F0253F8FA
:10285C0022200F4B06F4E06653F82230D9E74FF0F4
:10286C00FF36D7E705F0C002C02A0CD1CF2B0AD80F
:10287C00084B05F03F0253F82220054B05F4E065A8
:10288C0053F82230D0E74FF0FF35CEE7F097000831
:10289C00689C0008289C000838B50446283000F0D5
:1028AC003DFBE06918B105F0FDFC0023E361002558
:1028BC002069258410B105F0F5FC2561A58238BD91
:1028CC0038B505460446074B45F8D43BFFF7E4FF03
:1028DC002846FDF7DAFC04F1C400FDF7D6FC2046CF
:1028EC0038BD00BFF09700080123994080F82430D0
:1028FC0000238176438470470023F0B587B002AC87
:10290C0002930593C4E901338B6805460E460BB35D
:10291C00022220469847D6E9023794E80300CDE915
:10292C00000105F1C40292E8030084E80300DDE92C
:10293C00000182E80300D5F8CC20C5F8CC30D5F8DE
:10294C00D0302046C5F8D07004920593FDF79DFC5D
:10295C0007B0F0BD1F46E0E70023F0B587B002AC2E
:10296C0002930593C4E901338B6805460E460BB3FD
:10297C00022220469847D6E9023794E80300CDE9B5
:10298C00000105F1D40292E8030084E80300DDE9BC
:10299C00000182E80300D5F8DC20C5F8DC30D5F85E
:1029AC00E0302046C5F8E07004920593FDF76DFC0D
:1029BC0007B0F0BD1F46E0E738B5838A05468B4269
:1029CC000C4609D2202938BF20240069214605F085
:1029DC001FFD10B12861AC8238BDFEE773B5846D64
:1029EC000546D4F8CC30866EE3B1E28A238B9A424A
:1029FC0018D331462046FFF7DFFF3246206905F138
:102A0C00740105F007FE0023E382D4F8CC30268352
:102A1C0001960BB906F0A4F9D4F8D03001A904F151
:102A2C00C400984702B070BDB1F5806F70B5054613
:102A3C000C4610D8038C99420AD920290E4638BF6F
:102A4C002026C069314605F0E3FC18B1E8612E84FC
:102A5C00204670BDFEE70024FAE713B590F8243049
:102A6C0004468DF807107BB1418C0131FFF7DCFF78
:102A7C0040B10120638C9DF80710E269D154638C3E
:102A8C000133638402B010BD01220DF1070128301F
:102A9C0000F082FAB0FA80F04009F3E770B590F8D4
:102AAC00243004460E46154693B1418C1144FFF771
:102ABC00BBFF10B90025284670BD638CE0692A461F
:102ACC001844314605F0A6FD638C2B446384F2E771
:102ADC0092B2283000F060FA0028EBD1EBE7034605
:102AEC00006918B100219A8A05F044BD704703466D
:102AFC00C06918B100211A8C05F03CBD704738B57F
:102B0C000446D1B94FF42A03A36594F8BE30012BC7
:102B1C0016D1638CE269A17E04F1280000F0BCFAA6
:102B2C00042828BF0420C5B22046FFF7E0FF00238D
:102B3C00638484F82430284638BD4FF02A43E3E7F9
:102B4C000425F8E72DE9F04790F8BEA00446BAF149
:102B5C00010F0F46154698469DF820609DF824906D
:102B6C0039D111467F00FFF727FFFFB27EB100235A
:102B7C00032E28BF032684F824A0A7766384013E85
:102B8C00F6B2FF2E1BD100212046FFF7B8FFB9F19A
:102B9C00000F1DD14FF42A03A36539462B46226939
:102BAC0004F1280000F012FA002398422E461CBFB4
:102BBC001D462E462846E3822683BDE8F08723680F
:102BCC00F10028FA01F120461B68C9B29847D6E7F4
:102BDC004FF02A43E0E70020EFE707B5019300230D
:102BEC000093FFF7AFFF03B05DF804FB0123FFF781
:102BFC00F4BF0121FFF783BF38B500250446C58219
:102C0C000583FFF76CFF20466584FFF770FF38BD26
:102C1C00F8B50446D0F8840005F07EF9002105F0E3
:102C2C0041FAD4F88420C2F30313042B48D8284D5E
:102C3C00284E55F8233002F00F029B6856F82220DC
:102C4C00DB4303EA12239BB2002B3FD0D4F888005D
:102C5C0005F062F9012105F025FA1F4BD4F8880024
:102C6C001B681E4CC0F30311B3FBF4F30A240429B4
:102C7C0004FB03F300F00F0225D8142756F822208A
:102C8C00174CC2F30F2255F821C0CCF81420D4F8FD
:102C9C0004E06668A6EB0E06B342FADCCCF8102012
:102CAC00D4F804C06668A6EB0C06B342FADC013F0C
:102CBC00E9D105F031F93946BDE8F84005F0F2B933
:102CCC0000239B68FFDE00235B61FBE7F8BD00BFC0
:102CDC0008000020349800082400002040420F0017
:102CEC00001000E02DE9F04100250446C582058363
:102CFC001F460E469046FFF7F2FE20466584A576E9
:102D0C00FFF7F5FED4F8DC30C4F8804033B104F1A1
:102D1C00D401032208469847C4E937550023012EF5
:102D2C0084F824304FEA460384F825300CBF012385
:102D3C00002384F8BF8084F8BE3084F8C07002D1C0
:102D4C002046FFF765FF04F12805284694F8252056
:102D5C00084900F02BF894F8BE304BB928460649C8
:102D6C0000F0F2F92846BDE8F041044900F0E5B95D
:102D7C00BDE8F081A0860100C1270008E929000800
:102D8C000A4600230121FFF7ADBFC9B2FFF7AABF66
:102D9C00162217210148FFF719BD00BFA804002017
:102DAC000148FFF78DBD00BFA8040020F7B50D4604
:102DBC0017460446002800F09F805049C06D04F06F
:102DCC0057F84F490646206E04F052F80146002E83
:102DDC0000F09280002800F08F80304604F06FF8ED
:102DEC002060002800F08880464B261D984260D158
:102DFC0003F5DE33DA6942F40012DA61DA6902F4BF
:102E0C0000120092009A1A6942F400121A611A69AF
:102E1C0022F400121A6142F21F03A4F864303A4BF8
:102E2C001E603749206E04F00BF83449E06D04F055
:102E3C0007F8364B21689D4258D9354B9D4203D932
:102E4C00344B9D4288BF00234FF480420025C4E9D7
:102E5C0001134FF48043C4E9053594F897300221EF
:102E6C005B1B18BF01239B01236294F89830C4E9C3
:102E7C0003275B1B18BF0123DB0163622A4694F90D
:102E8C006400E56184F8415000F076FA94F964002E
:102E9C0000F0A2FA2A46022194F9650000F06CFABF
:102EAC0094F9650000F098FA304600F087FCF8B110
:102EBC00FEE7194B9842B4D103F5DC33DA6942F4DE
:102ECC008002DA61DA6902F480020192019A1A69CD
:102EDC0042F480021A611A6922F480021A6142F2E9
:102EEC002123A4F86430084B5E609AE70022ADE71A
:102EFC000223A06684F8953003B0F0BDF89B00085F
:102F0C00C89B0008005400408C050020A0860100DE
:102F1C00801A060040420F000058004010B50446CD
:102F2C0090F9640000F066FA94F9650000F062FA1A
:102F3C00201D00F0ECFC0321206E03F0C1FE0321E8
:102F4C00E06D03F0BDFE2368104A93420DD1104B87
:102F5C001A6942F400121A611A6922F400121A61F9
:102F6C00DA6922F40012DA6110BD0A4A9342FBD1ED
:102F7C00074B1A6942F480021A611A6922F4800222
:102F8C001A61DA6922F48002EDE700BF00540040B8
:102F9C000010024000580040202A30B514D80023FD
:102FAC009CB2A24207D890F894301344DBB280F85C
:102FBC009430002030BD90F89440CD5C1C44044407
:102FCC0084F874500133EBE70120F3E72DE9F34764
:102FDC0005460F469046994600F0B6F90024064681
:102FEC00D5F830A004354B46424639462846CDF834
:102FFC0000A000F0B9FD022806D100F0A5F9841B51
:10300C00642CF0D906201FE008BB00F09DF90646A1
:10301C00284601F01FFD202809D0632C07D800F0AA
:10302C0093F9841B284601F018FD0028F0D028469F
:10303C0001F013FD632C0CD882060AD443070AD482
:10304C00003818BF0120800002B0BDE8F0870420D2
:10305C00FAE70520F8E70320F6E710B564230446E9
:10306C00043000F06DFC022810D0032806D090B17B
:10307C0094F84130202B18BF042004E094F8413020
:10308C00202B18BF052008BF022004E094F8413023
:10309C00202B18BF062010BD2DE9F34704460E4621
:1030AC0091461F4600F050F980463FB90122314647
:1030BC00204602B0BDE8F047FFF7CFBF0025D4F89B
:1030CC0030A004343B464A4631462046CDF800A099
:1030DC0000F0E2FC022807D100F036F9A0EB08055D
:1030EC00642DEFD906201FE008BB00F02DF9064631
:1030FC00204601F0AFFC202809D0632D07D800F042
:10310C0023F9851B204601F0A8FC0028F0D02046AE
:10311C0001F0A3FC632D0CD882060AD443070AD411
:10312C00003818BF0120800002B0BDE8F0870420F1
:10313C00FAE70520F8E70320F6E720B119B1C166DC
:10314C00043000F00DBE704720B119B10167043096
:10315C0000F006BE704770B590F891300446012B14
:10316C000D46A0F1040609D1436E3BB1836E304687
:10317C009847022384F89130002363668DB9E36E7F
:10318C0084F891501BB1304684F8905098472046F3
:10319C0094F8902004F170012023BDE8704000F0F9
:1031AC0069BD00230122636684F89120616E20467C
:1031BC00743131440423BDE8704000F096BD10B565
:1031CC0090F891300446012B04D1436E13B1836EF9
:1031DC0004389847022384F8913000232046636614
:1031EC00BDE8104000F0BCBD436E1F2BDEBF436E2C
:1031FC000133436690F89130012BDAB205D1416E60
:10320C0004237031014400F070BD7047002380F836
:10321C009030704790F892300BB900F0A1BD704718
:10322C00014B186800F01CBF8C050020014B18687E
:10323C0001F070BB8C050020014B586800F010BFEA
:10324C008C050020014B586801F064BB8C050020F4
:10325C000379012B07D10A2919D840F2C740C8407D
:10326C0000F001007047022B0BD1022903D8081E75
:10327C0018BF01207047063903298CBF002001209C
:10328C007047042B03D1142901D80248E7E700202A
:10329C00704700BF1FF81900012303FA01F183687E
:1032AC000B4383607047012303FA01F1836823EA1F
:1032BC000103836070478068C84000F001007047CC
:1032CC007047000038B50E4B05461A784FF47A73E8
:1032DC00B3FBF2F30B4A1068B0FBF3F000F09CF870
:1032EC00044658B90F2D09D8024629464FF0FF3035
:1032FC0000F042F82046044B1D6038BD0120FCE76D
:10330C00010000202400002004000020074A08B51A
:10331C001368032043F01003136000F01BF8002027
:10332C00FFF7D0FFFFF7CCFF002008BD00200240C4
:10333C00034A044B11681B780B441360704700BFA1
:10334C009405002001000020014B1868704700BF55
:10335C009405002007490302CA6803F4E06322F4D1
:10336C00E0621204120C134343F0BF6343F40033C6
:10337C00CB60704700ED00E0154B30B5DC68C4F352
:10338C000224C4F10703251D042B28BF0423062D9A
:10339C004FF0FF3594BF0024033C05FA03F321EAF8
:1033AC000303A54022EA0502A340002843EA0203D6
:1033BC00ACBF00F16040074A4FEA0313DBB2ABBF6E
:1033CC0000F5614000F00F0080F80033135430BD5D
:1033DC0000ED00E014ED00E0002807DB01234109BB
:1033EC00034A00F01F00834042F82130704700BFB1
:1033FC0000E100E000280CDB01220649430900F043
:10340C001F008240203341F82320BFF34F8FBFF3BE
:10341C006F8F704700E100E00138B0F1807F0BD274
:10342C004FF0E023F021054A586182F82310002068
:10343C00072298611A6170470120704700ED00E087
:10344C00002808DB01224309034900F01F008240D9
:10345C00603341F82320704700E100E0704708B565
:10346C00FFF7FCFF08BD704710B5044650B1437917
:10347C0003F0FF0213B90271FFF7F5FF01230020DF
:10348C00637110BD0120FCE790F821200346022A4D
:10349C0006D0042282630120002283F8202070478A
:1034AC000268C06B116821F00E011160116821F0E7
:1034BC000101116001211A6C01FA02F24260002034
:1034CC0083F82110E8E7000008B590F82130022BB2
:1034DC0003D004238363012008BD03681A6822F01B
:1034EC000E021A601A6822F001021A60174A9342FF
:1034FC001FD0143293421ED0143293421DD014327A
:10350C0093421DD0143293421DD01432934214BFF7
:10351C004FF080734FF480130D4A5360012380F8F1
:10352C002130002380F82030436B03B198470020F2
:10353C00D2E70123F0E71023EEE74FF48073EBE7BB
:10354C004FF48053E8E74FF48033E5E7080002407E
:10355C000000024090F82100704700002DE9F74F61
:10356C0000244FF00F0E2646DFF884C1614B00F1AA
:10357C0004080A6832FA06F502D103B0BDE8F08FF0
:10358C00012505FA06F702EA070537EA020276D1A9
:10359C004A68032A07D8013A022A00F28380DFE83E
:1035AC0002F091969C00122A00F0948069D8112A9E
:1035BC0000F08A80FF2D94BF8146C1464FEA8602F7
:1035CC00D9F8007088BF203A0EFA02FA27EA0A07E7
:1035DC0004FA02F21743C9F80070D1F8049019F0FC
:1035EC00805F4CD0DCF8182026F0030742F0010273
:1035FC00CCF81820DCF8182007F1804702F0010203
:10360C00019207F5803706F0030A019A4FEA8A0AFD
:10361C00BA680EFA0AFB22EA0B0B374A904260D0CA
:10362C0002F5806290425ED002F5806290425CD0DE
:10363C0002F58062904214BF0422032202FA0AF2BD
:10364C0042EA0B02BA609A6819F4801F14BF2A432D
:10365C00AA439A60DA6819F4001F14BF2A43AA43DC
:10366C00DA605A6819F4003F14BF2A43AA435A601F
:10367C001A6819F4803F14BF2A43AA431A60013612
:10368C0077E7DFF878904A450CD014D8A9F5801963
:10369C004A4507D009F570294A4503D0A9F5801988
:1036AC004A4587D18A68D2B1012A4FF008040CBF71
:1036BC00076147617EE7DFF848904A45F2D009F58B
:1036CC008039EDE7CC6875E7CC68043472E7CC68D8
:1036DC0008346FE7CC680C346CE700246AE70424E8
:1036EC0068E70022AAE70122A8E70222A6E700BFAA
:1036FC0000100240000401400008014000002210AC
:10370C0000003110044A08B55169014202D05061E1
:10371C0003F0DEF808BD00BF000401402DE9F846B7
:10372C0006460F4691461D464FEA114A3368BAF1D8
:10373C00010F39D15C6927EA0404A4B2B4FA84F409
:10374C006409A14501D0002024E06A1CEFD0FFF7EA
:10375C00FBFD089BC01AA84201D8002DE6D1BAF196
:10376C00010F336818D15B6927EA03039BB2B3FAE4
:10377C0083F35B099945D9D10023202201203363BF
:10378C0086F83D2086F83E30326C86F83C3042F0AC
:10379C0020023264BDE8F8869B69DB43C3F3400327
:1037AC0083F00103DBB2E5E79C69E443C4F3400416
:1037BC0084F00104E4B2C4E77047000070B504461D
:1037CC0008B9012070BD90F83D3003F0FF021BB921
:1037DC0080F83C20FFF7F0FF242384F83D30236869
:1037EC001A6822F001021A601A6842F400421A6048
:1037FC001A6822F400421A6001F090FB3F4B656896
:10380C009D4294BF3E4B3F4B98428CBF00230123FB
:10381C00002BD6D1394E3C4BB542B0FBF3F388BFED
:10382C004FF496762268516821F03F0141EA03017A
:10383C0082BF73434FF47A76B3FBF6F35160116A8F
:10384C00013321F03F010B431362D169431E2B4816
:10385C0021F44F41854221F0FF0132D86D00B3FBBA
:10386C00F5F340F6FC700133034242D0C3F30B0373
:10387C001943D1611168D4E9073021F0C001034329
:10388C000B4313609168D4E9030321F40341034310
:10389C0021F0FF010B439360D168D4E9053021F08E
:1038AC00FF0103430B43D3601368002043F0010373
:1038BC0013602023206484F83D30206384F83E009C
:1038CC0080E7A06850B905EB4505B3FBF5F3013370
:1038DC00C3F30B037BB143F40043C9E719206843DE
:1038EC00B3FBF0F30133C3F30B0323B143F44043B5
:1038FC00BEE70423BCE70123BAE700BFA0860100A2
:10390C007F841E00FF083D0040420F00704710B539
:10391C00044698B12423026880F83D30136823F0E4
:10392C0001031360FFF7F2FF0020206484F83C00D1
:10393C0084F83D00206384F83E0010BD0120FCE7B4
:10394C002DE9FF4704461F4689469246FFF7FCFCCB
:10395C0094F83D300546202B03D0022004B0BDE87E
:10396C00F08700901923012220464949FFF7D6FE23
:10397C000028F2D194F83C30012BEED0012384F8CE
:10398C003C30236800261A6809F0FE09D2075EBF96
:10399C001A6842F001021A601A6822F400621A6076
:1039AC00242384F83D303B4B2664E36222684FF0BD
:1039BC0001111368204643F4807313603B460022C8
:1039CC000095FFF7ABFE236838B11B680320DB05BD
:1039DC0044BF4FF400732364C0E7C3F81090FFF7A3
:1039EC00B3FC4FF0A0080546226853695269C3F333
:1039FC004003C2F3802294F83D10A02901D0134358
:103A0C001DD04FF02008206884F83D80436913F0E6
:103A1C00020F036843F40073036025D00023039363
:103A2C00436901220393836919490393039B20463D
:103A3C0019230095FFF772FE88B101208EE7FFF77E
:103A4C0083FC401BB84200D80FB984F83D80226833
:103A5C0053695269C3F34003C2F38022CBE784F865
:103A6C003D8084F83C0079E76FF480630122436168
:103A7C000749192320460095FFF750FE0028DCD19A
:103A8C000136564592D384F83D8084F83C00D4E747
:103A9C00020010000000FFFFF7B50025044600955A
:103AAC00019594F83D500898202D02D0022003B0C7
:103ABC00F0BD25682E68B60503D4082801D001286E
:103ACC001BD146F2A817274E3668B6FBF7F6192716
:103ADC007E430196019E013E0196019E56B920231C
:103AEC00266384F83D3084F83E60236C43F0200359
:103AFC002364DBE7AE69B707ECD494F83C60012E85
:103B0C00D4D02E68F6075EBF2E6846F001062E60F4
:103B1C002E6826F400662E60212684F83D6010265F
:103B2C0084F83E60002626646385638DE0626164E0
:103B3C002385236B62620093009B112B05D1B0F59A
:103B4C002A0F02D0B0F12A4F03D12B6843F48073B3
:103B5C002B60002084F83C006B6843F4E0636B60DE
:103B6C00A5E700BF24000020F7B50025044600950A
:103B7C00019594F83D500898202D02D0022003B0F6
:103B8C00F0BD25682E68B60503D4082801D001289D
:103B9C001BD146F2A817364E3668B6FBF7F6192736
:103BAC007E430196019E013E0196019E56B920234B
:103BBC00266384F83D3084F83E60236C43F0200388
:103BCC002364DBE7AE69B707ECD494F83C60012EB4
:103BDC00D4D0012684F83C602E68F6075EBF2E68B0
:103BEC0046F001062E602E6826F400662E60222612
:103BFC0084F83D60102684F83E60002626646385B8
:103C0C00638DE06261642385236B62620093638D34
:103C1C009BB2022B24D1202801D0102820D1009B4C
:103C2C00122B2B681DD14FF4407223F480632B6050
:103C3C002B6843F400632B60009B122B05D1B0F56D
:103C4C002A0F02D0B0F12A4F03D12B6843F48073B2
:103C5C002B60002084F83C006B6813436B608EE78C
:103C6C002B6843F480634FF4E0622B60E4E700BF01
:103C7C002400002037B5044690F83D0000F02800E1
:103C8C00282830D100292CD0002A2AD094F83C00C6
:103C9C00012828D025682868C0075EBF286840F036
:103CAC0001002860286820F400602860292084F82E
:103CBC003D00202084F83E00002020646285628D47
:103CCC00E36201906B6961620193AB6984F83C001B
:103CDC000193019B6B68228543F4E0636B6003B036
:103CEC0030BD0120FBE70220F9E737B5044690F818
:103CFC003D0000F02800282830D100292CD0002AC3
:103D0C002AD094F83C00012828D025682868C007E0
:103D1C005EBF286840F001002860286820F400602D
:103D2C0028602A2084F83D00202084F83E000020E2
:103D3C0020646285628DE36201906B69616201931C
:103D4C00AB6984F83C000193019B6B68228543F4BA
:103D5C00E0636B6003B030BD0120FBE70220F9E7A4
:103D6C0090F83D30202B14D1282380F83D30036887
:103D7C0000201A68D2075EBF1A6842F001021A606E
:103D8C001A6842F480621A605A6842F440725A60AF
:103D9C0070470220704770477047704790F83D207D
:103DAC0008B5036DD2B283B9C36C0268012B836C66
:103DBC0005D1DBB21361036D0233036508BDC3F398
:103DCC0007231361036D0133F7E7036D012B03D157
:103DDC00836C0268DBB2F4E7036D022B2FD1222A2D
:103DEC0005D10268136843F480731360EAE7438DCE
:103DFC009BB263B1212A0AD1436A026813F8011BF2
:103E0C0011614362438D013B9BB24385D6E7438DE1
:103E1C009BB2002BD2D1212AD0D10268516821F457
:103E2C00E0615160116841F400711160202203635C
:103E3C0080F83D2080F83E30FFF7AFFFBEE7036807
:103E4C005A69120644BF00221A61B7E770477047DF
:103E5C00002337B546F2A81101932C4B406A1B681E
:103E6C0090F83D20B3FBF1F323214B4301930368FE
:103E7C00D2B2019941BB016C41F020010164446B49
:103E8C000CB10021A162816B09B100258D621D6806
:103E9C0025F480651D600025458504B1656301B17D
:103EAC004D63196821F00101196090F83D106029EB
:103EBC0011D1202380F83D30002380F83E3003647C
:103ECC00FFF7C5FF03B030BD0199013901911968A5
:103EDC008905CED4D3E702F02802282A0ED119681E
:103EEC0041F001011960196841F4806119600023E7
:103EFC00036380F83D20FFF78DF9E3E7202380F87A
:103F0C003D30002380F83E30F5E700BF2400002050
:103F1C0010B590F83D2090F83E300446102BD9B2E5
:103F2C00D2B2036801D0402913D1222A11D11968C9
:103F3C0021F400611960596811F4006106D1602AFE
:103F4C001EBF202284F83D2084F83E1000222263FC
:103F5C0007E002F028012829EDD10022226384F821
:103F6C003D105A6812F400624FD05A68606B22F40C
:103F7C0000625A6090F82130012B374B2BD04363F1
:103F8C00FFF7A2FA50B12268606B136823F00103AB
:103F9C001360202384F83D30436B9847236C19073A
:103FAC001FBF2268536823F4E063536094F83D30DC
:103FBC00226CDBB252070DD5282B0BD1274B2022BC
:103FCC00E36200232046236384F83D2084F83E30CE
:103FDC00FFF7F5F810BDA06B4363FFF775FA0028E7
:103FEC00DCD023685A69510605D51A69636A1A70C0
:103FFC00636A013363622268A06B136823F00103C8
:10400C001360202384F83D30C6E794F83D106029F6
:10401C0015D1202184F83D1022645A69520605D529
:10402C001A69636A1A70636A0133636222682046F4
:10403C00136823F001031360FFF709FFAEE75A6919
:10404C00500605D51A69636A1A70636A0133636294
:10405C002046FFF7DFF8A1E75D3E00080000FFFFF8
:10406C00F0B5044603688FB05A68C66A90F83E00F3
:10407C0094F83D101028C5B2C9B202D0402D40F0C2
:10408C00E5829F69586910F0010F07D1B6F52A0F28
:10409C0002D0B6F12A4F51D10FB0F0BD96054DD5D7
:1040AC00E26AB2F52A0F0CD10122E26294F83E20AA
:1040BC00402A11D1226D52B9626C02F0FE021A61D3
:1040CC00EAE7E26AB2F12A4FF0D10822EDE7626C1E
:1040DC0042F00102D2B2F2E72269B2F5804F1AD156
:1040EC0094F83D20212A626C11D102F0FE021A6173
:1040FC00626B0AB1926A2AB9A26B002ACCD0926A7E
:10410C00002AC9D05A6842F400625A60C4E742F0EF
:10411C000102D2B2EBE7226D32B9626CD21102F01D
:10412C00060242F0F002CAE7226D012AB4D1626C99
:10413C00D21102F0060242F0F102C0E7060703D5E5
:10414C00960501D5626CE4E7860740F1F080960590
:10415C0040F1ED8094F83E10E26A256B94F83D0036
:10416C00C9B2222840F0DB80206D40B9402906D12D
:10417C0000905A6900929B690093009B8CE7216D1B
:10418C0089B92069B0F5404F0DD101915A6901925E
:10419C009A690192019A1A6842F480721A60236D2E
:1041AC000133236578E7618D89B251B902915A695F
:1041BC0002929A690292029A1A6842F400721A6088
:1041CC0019E0618D89B2012949D112F5803F1BD1CB
:1041DC001A6822F480621A605A6812F400620CD0D9
:1041EC001A6822F480621A60002203925A690392C0
:1041FC009B690393039B0023D3E704925A690492AF
:10420C009A690492049AD7E7082A1CD0202A1AD05B
:10421C00122D0DD1012A16D11A6822F480621A606F
:10422C00002205925A6905929B690593059BE2E76A
:10423C00102AF1D8864941FA02F2D707ECD41A6851
:10424C0042F48062EBE71A6822F480621A60002262
:10425C0006925A6906929A690692069AACE7618DA3
:10426C0089B2022938D1102A03D87A49D140CE0715
:10427C0018D4196841F4006119600021079159693B
:10428C000791996907910799196821F48061196060
:10429C0059680D05AFD5202A1BD8072A0ED8012A3C
:1042AC00A9D111E0196841F48061196000210891CD
:1042BC0059690891996908910899E9E7A2F10801EF
:1042CC00654ACA40D00796D55A6842F480525A6063
:1042DC0091E712F5803FE3E7196841F480611960BA
:1042EC005968090510D5202A16D8072A06D8012A9C
:1042FC000AD15A6842F480525A6005E0A2F10801D2
:10430C00554ACA40D207F4D4002209925A6909923C
:10431C009B690993099B6EE712F5803FE8E7002241
:10432C000A925A690A929B690A930A9BB4E67F0720
:10433C0040F194805E6836053FF5AEAE070600F09E
:10434C0004063ED550053CD5002E3DD194F83D20B9
:10435C00258D94F83E10D2B2E06AC9B2C5B9212AB3
:10436C0018D1082858D0202856D010F5803F53D0AB
:10437C005A6822F4E0625A6011232363002384F804
:10438C003E302023204684F83D30FFF704FD83E6C1
:10439C00212A05D040297FF47FAE222A7FF47CAEFF
:1043AC00628D92B21AB95A6822F48062ADE694F822
:1043BC003E20402A16D120460FB0BDE8F040FFF752
:1043CC00EDBC002E3FF468AE97057FF565AE212954
:1043DC0039D1E16A94F83D20212A7FF45DAE628DDB
:1043EC0092B24AB1626A12F8011B19616262638D62
:1043FC00013B9BB263854FE608290DD020290BD0D9
:10440C0011F5803F08D0596821F4E06159601123FF
:10441C00236384F83E20B4E75A68204622F4E06215
:10442C005A601A6842F400721A6000232022236337
:10443C0084F83D2094F83E2084F83E30402AA4D1E4
:10444C00FFF7ABFC28E6402D7FF426AEB3E700BFA8
:10445C00EBFFFEFF140001000101000159680E057D
:10446C003FF51AAE450600F0040140F18680500578
:10447C0040F18380002940F0838094F83D20222A6B
:10448C007FF40AAEE06A628D92B2032A14D91A69DB
:10449C00636A1A70636A01336362638D013B9BB27A
:1044AC006385638D9BB2032B7FF4F6AD2268536852
:1044BC0023F480635360EFE5E56A022D3FF473AF9C
:1044CC00012A3FF670AF0B9146F2A811794A126897
:1044DC00B2FBF1F202EB82020B920B9A013A0B92B5
:1044EC000B99D1B9226C204642F0200222645A6802
:1044FC0022F4E0625A601A69636A1A70636A0133C3
:10450C006362638D013B9BB26385202384F83D304D
:10451C0084F83E10FEF77EFEBEE51A6812F40072B7
:10452C00DBD1196821F480611960596821F4E061CC
:10453C0059601969636A1970636A01336362638D28
:10454C00013B9BB26385202384F83D3094F83E30C8
:10455C0084F83E20402B04D122632046FFF776FCE2
:10456C009AE5082801D0202801D1002300E012236D
:10457C0020462363FFF710FC8EE500293FF48CAD39
:10458C0092057FF589ADE26A608D616A80B204287C
:10459C0009D15A6822F480625A601B690B70636AF5
:1045AC000133636223E7608D80B203280CD1586815
:1045BC00042A20F480605860EFD0022AEDD01A68EB
:1045CC0022F480621A60E8E7608D80B20228E4D1A0
:1045DC00042A33D007D8012A07D0022A2ED0186813
:1045EC0040F4007004E0102AF9D1186820F48060BF
:1045FC0018601B690B70616A4B1C6362638D013B15
:10460C009BB2638523681B694B70636A2168013315
:10461C006362638D013B9BB263854B6823F44073EB
:10462C004B60202384F83D3094F83E30402B4FF003
:10463C00000384F83E3005D123638EE7186840F4FC
:10464C008060D5E7082A90D0202A8DE7206C20B313
:10465C000025586987072FD596052DD5226C02B1F8
:10466C009D6994F83D2002F02802282A18D15A6836
:10467C002F0622F480625A604FF0000354BFE268A8
:10468C00A269C5F3800181F001012046C9B284F80A
:10469C003C3092B2FEF75FFDFEE49D695869D9E7A4
:1046AC0000220C9259690C919B6984F83C200C9364
:1046BC000C9BF1E424000020C60640F1B180950566
:1046CC0040F1AE8094F83D505A68EDB222F4E062AD
:1046DC005A6000220D925A690D921A6842F001023A
:1046EC001A600D9A1A6822F480621A605A681005D2
:1046FC0020D505F0F702222A4AD1A06B0268526835
:10470C0092B26285628D92B21AB1226C42F00402AE
:10471C0022645A6822F400625A60FEF71BFF0128DB
:10472C0008D0A06B794B4363FEF7CEFE10B1A06BA3
:10473C00436B9847638D9BB213B323685A69510737
:10474C0009D51A69636A1A70636A01336362638DEF
:10475C00013B9BB2638523685A69520609D51A69D5
:10476C00636A1A70636A01336362638D013B9BB2A7
:10477C006385638D9BB21BB1236C43F004032364EC
:10478C00236C13B320460FB0BDE8F040FFF7C0BB5D
:10479C00606B0268526892B26285628D92B21AB1F5
:1047AC00226C42F0040222645A6822F400625A60BD
:1047BC00FEF7D0FE0128BDD0606B544B4363FEF76F
:1047CC0083FE0028B6D0606BB2E72A2D06D1236396
:1047DC002823204684F83D30FEF706FD94F83D3042
:1047EC00282B0CD14A4B2022E36200232046236362
:1047FC0084F83D2084F83E30FEF7E1FC4CE4236B5A
:10480C00222B02D0222D7FF447AC002320222363DD
:10481C0084F83D2084F83E302046FEF7E5FC3BE46E
:10482C0001F0F701212900F0040535D1070627D541
:10483C00560525D53DBB94F83D00628DC0B292B2B1
:10484C00002A3FF429AC626A12F8015B1D616262B6
:10485C00628D013A92B26285628D92B2002A7FF427
:10486C001BAC29287FF418AC5A68204622F48062CD
:10487C005A602823216384F83D30FEF7C7FC0BE413
:10488C00002D3FF409AC95057FF506AC628D92B214
:10489C00002A3FF401ACA5E5400627D5510525D5E6
:1048AC003DBB94F83D20618DD2B289B200293FF412
:1048BC00F3AB1969636A1970636A01336362638DC0
:1048CC00013B9BB26385638D9BB2002B7FF4E4AB01
:1048DC002A2A7FF4E1AB2268536823F48063536087
:1048EC0022232363282384F83D3095E7002D3FF4E1
:1048FC00D3AB92057FF5D0AB628D92B2002A3FF418
:10490C00CBAB1A69636A1A7049E600BF5D3E0008BA
:10491C000000FFFFF8B5036804465F695E6890F815
:10492C003E2017F48075D2B20AD016F4807507D0E9
:10493C006FF4807101255961196841F400411960C7
:10494C00B80506D5F10542BF6FF4007145F00205BC
:10495C005961780536D5F10534D5608D94F83D1044
:10496C00202AD4F830C080B2C9B25FD100285DD102
:10497C0001F0F700212804D0282957D1BCF1210FD0
:10498C0054D194F83D20E16AD2B2082901D02029F3
:10499C002AD1282A28D12E4A2046E2625A6822F4CB
:1049AC00E0625A606FF480625A611A6822F4806285
:1049BC001A6000232022236384F83D2084F83E30C3
:1049CC00FEF7FDFB3A053FD5F3053DD56FF40062CC
:1049DC00236845F008055A61236C20461D43256465
:1049EC00BDE8F840FFF794BA212A1BD11849E162BF
:1049FC0022630021202284F83D2084F83E105A685E
:104A0C0022F4E0625A606FF480625A611A6822F4F0
:104A1C0080621A605A69100648BF19612046FEF779
:104A2C00F5FBCFE76FF480625A61CBE76FF48061DE
:104A3C00102A596145F0040501D0402AC2D11A68E8
:104A4C0042F400721A60BDE7002DC5D1F8BD00BF5D
:104A5C000000FFFF90F83D007047006C70470000AD
:104A6C002DE9F341054638B30368DB0710D42B68F6
:104A7C009F075ED42B68190700F195802B685A07A5
:104A8C0000F1C180EB69002B40F02C81002029E063
:104A9C00904C636803F00C03042B07D0636803F09D
:104AAC000C03082B0AD16368DE0307D523689C032B
:104ABC00DDD56B68002BDAD1012013E06B68B3F500
:104ACC00803F12D1236843F480332360FEF73CFC13
:104ADC00064623689803CAD4FEF736FC801B64286C
:104AEC00F7D9032002B0BDE8F0819BB9236823F409
:104AFC0080332360236823F480232360FEF724FC97
:104B0C00064623689903B2D5FEF71EFC801B642869
:104B1C00F7D9E6E7B3F5A02F236803D143F480233C
:104B2C002360CFE723F480332360236823F48023AE
:104B3C00CBE7684C636813F00C0F07D0636803F085
:104B4C000C03082B10D16368DA030DD423689B0780
:104B5C0002D52B69012BAFD123686A6923F0F803C6
:104B6C0043EAC203236085E72A695B4B6AB10122E1
:104B7C001A60FEF7E9FB064623689F07ECD4FEF7A4
:104B8C00E3FB801B0228F7D9ABE71A60FEF7DCFBCE
:104B9C000646236898077FF56DAFFEF7D5FB801BA3
:104BAC000228F6D99DE7AA694A4E4B4BE2B1012285
:104BBC00C3F88024FEF7C8FB0446736A9B070DD527
:104BCC004FF4FA52454B1B68B3FBF2F3019300BF51
:104BDC00019B5A1E0192002BF9D14FE7FEF7B4FB53
:104BEC00001B0228E9D97CE7C3F88024FEF7ACFB54
:104BFC000446736A9F077FF541AFFEF7A5FB001BC8
:104C0C000228F6D96DE7334CE369D80024D4012788
:104C1C00E36943F08053E361E36903F0805300934D
:104C2C00009B2F4E3368D90518D5EB68012B26D184
:104C3C00236A43F001032362FEF786FB41F28838B6
:104C4C000646236A9B073FD5002F3FF41BAFE36951
:104C5C0023F08053E36115E70027E2E7336843F460
:104C6C0080733360FEF770FB80463368DA05DCD462
:104C7C00FEF76AFBA0EB08006428F6D931E7ABB964
:104C8C00236A41F2883823F001032362236A23F05C
:104C9C0004032362FEF758FB0646236A9807D3D514
:104CAC00FEF752FB801B4045F7D91AE7052B236A08
:104CBC0003D143F004032362BAE723F00103236218
:104CCC00236A23F00403B6E7FEF73EFB801B404546
:104CDC00B7D906E700100240000042422400002031
:104CEC00007000402A4C626802F00C02082A3ED088
:104CFC000022022B274B1A662CD1FEF725FB064609
:104D0C002368990120D42B6AB3F5803F05D16268E2
:104D1C00A96822F400320A436260696A62680B4334
:104D2C0022F474121343012263601A4B1A66FEF7C5
:104D3C000BFB054623689A013FF5A8AEFEF704FB72
:104D4C00401B0228F6D9CCE6FEF7FEFA801B02289F
:104D5C00D6D9C6E6FEF7F8FA054623689B017FF51F
:104D6C0095AEFEF7F1FA401B0228F6D9B9E6012BF5
:104D7C003FF4A2AE60682B6A00F480329A427FF452
:104D8C009BAE6B6A00F47010C01A18BF0120A9E624
:104D9C0000100240000042420D4A536803F00C011F
:104DAC00082912D10B48C3F38341DB03405C09D5BE
:104DBC005368094AC3F340435043084AD35CB0FBE1
:104DCC00F3F07047064B584370470348704700BFD9
:104DDC00001002401698000800127A00149800087F
:104DEC0000093D002DE9F0410D46044610B90120A3
:104DFC00BDE8F081444A136803F007038B4228D3C3
:104E0C0021688E0730D4CA0743D43F4A136803F095
:104E1C000703AB4265D822683C4D12F0040F6CD1ED
:104E2C00130706D56B68226923F4605343EAC20367
:104E3C006B60FFF7B1FF6B68354AC3F30313D35CA8
:104E4C00D840344B1860344B1868FEF73BFA0020FE
:104E5C00CEE7136823F007030B431360136803F0CA
:104E6C0007038B42C3D1CBE7284B11F0040F1EBFB5
:104E7C005A6842F4E0625A60080742BF5A6842F42A
:104E8C0060525A605A68A06822F0F00202435A60DD
:104E9C00B9E762681D4E012A33681AD113F4003F3A
:104EAC00A5D0736841F2883823F003031343736071
:104EBC00FEF74AFA07467368626803F00C03B3EB1B
:104ECC00820FA2D0FEF740FAC01B4045F3D9032055
:104EDC008EE7022A02D113F0007FE1E713F0020FF4
:104EEC00DEE7136823F007032B431360136803F00A
:104EFC000703AB427FF47BAF8DE76B68E16823F46B
:104F0C00E0630B436B608BE7002002400010024013
:104F1C007C9800082400002004000020044B054A63
:104F2C005B68C3F30223D35C034A1068D840704714
:104F3C00001002407498000824000020044B054A1D
:104F4C005B68C3F3C223D35C034A1068D840704734
:104F5C000010024074980008240000200F23036006
:104F6C000B4B5A6802F0030242605A6802F0F002DE
:104F7C0082605A6802F4E062C2605B68DB0803F48A
:104F8C00E0630361034B1B6803F007030B6070477E
:104F9C000010024000200240036A026A70B522F041
:104FAC0001020262446882690D6822F073022A438E
:104FBC008D6823F002032B430A4DA8420BD1CD6818
:104FCC0023F008032B4324F44074D1E905563543F0
:104FDC0023F004032C43446082614A6842630362F9
:104FEC0070BD00BF002C0140036A026A70B522F448
:104FFC00807202624468C2690D6822F073022A430F
:10500C008D6823F4007343EA05230B4DA8420DD1A0
:10501C00CD6823F4006343EA052324F44054D1E91A
:10502C000556354323F4806344EA05144460C26199
:10503C004A68C263036270BD002C0140036A026AB5
:10504C0030B522F4805202624468C2690D6822F4C1
:10505C00E64242EA05228D6823F4005343EA053305
:10506C00064DA84202BF4D6924F4804444EA8514DD
:10507C004460C2614A680264036230BD002C014086
:10508C0090F83D30012B1CD102230F4A80F83D30A3
:10509C00036893420AD0B3F1804F07D0A2F5943243
:1050AC00934203D002F58062934204D19A6802F0D5
:1050BC000702062A03D01A6842F001021A60002087
:1050CC0070470120704700BF002C014090F83C2035
:1050DC000346012A4FF0020009D01A6883F83D00FC
:1050EC0051610020012283F83C0083F83D20704779
:1050FC0070477047036870B5DD681E690446B107D8
:10510C000DD5AA070BD56FF002021A6101220277A6
:10511C009B699B0769D001F02CFA00232377710758
:10512C0010D56A070ED56FF00402236820461A6169
:10513C00022222779B6913F4407F5CD001F019FAAC
:10514C000023237733070FD528070DD56FF00802FE
:10515C00236820461A6104222277DB69990750D014
:10516C0001F007FA00232377F20610D5EB060ED5D3
:10517C006FF01002236820461A6108222277DB693F
:10518C0013F4407F43D001F0F4F900232377F007A8
:10519C0008D5E90706D56FF00102236820461A618D
:1051AC0001F0C4F9320608D52B0606D56FF0800243
:1051BC00236820461A6100F004FB700608D56906C6
:1051CC0006D56FF04002236820461A61FFF791FF65
:1051DC00B20622D5AB0620D56FF0200223682046FC
:1051EC00BDE870401A6100F0EBBA01F0C0F920463E
:1051FC00FFF77EFF91E701F0BAF92046FFF778FF41
:10520C009EE701F0B4F92046FFF772FFAAE701F020
:10521C00AEF92046FFF76CFFB7E770BD174A03687D
:10522C0090420AD0B0F1804F07D0A2F59432904250
:10523C0003D002F58062904207D14A6823F07003D4
:10524C001343CA6823F4407313434A6923F0800361
:10525C00134303608B68C3620B688362074B9842ED
:10526C0004BF0B690363012343610369DB0742BF7E
:10527C00036923F001030361704700BF002C014058
:10528C0010B5044630B390F83D3003F0FF021BB963
:10529C0080F83C2001F0F8FE0223206884F83D30B1
:1052AC00211DFFF7BBFF0123002084F8463084F852
:1052BC003E3084F83F3084F8403084F8413084F834
:1052CC00423084F8433084F8443084F8453084F814
:1052DC003D3010BD0120FCE7036A026A70B522F074
:1052EC0010020262446882690D6822F4E64242EAC6
:1052FC0005228D6823F0200343EA05130B4DA842C9
:10530C000DD1CD6823F0800343EA051324F44064E7
:10531C00D1E90556354323F0400344EA8504446043
:10532C0082614A688263036270BD00BF002C014039
:10533C0010B590F83C300446012B1DD0082A17D02C
:10534C0007D862B1042A0FD00120002384F83C3026
:10535C0010BD0C2AF8D10068FFF770FE02E000685F
:10536C00FFF71AFE0020F0E70068FFF7B5FFF9E73A
:10537C000068FFF739FEF5E70220E9E738B590F849
:10538C003C300446012B4FD00120082A84F83C0005
:10539C003AD006D8BAB1042A26D0002384F83C307F
:1053AC0038BD0C2AF9D12068FFF748FEC3690A6999
:1053BC0043F40063C361C36923F48063C361C369AD
:1053CC0043EA02232EE02068FFF7E6FD83690A69B1
:1053DC0043F008038361836923F0040383618369C9
:1053EC00134383610020D8E72068FFF775FF8369BA
:1053FC000A6943F400638361836923F480638361E6
:10540C00836943EA0223ECE72068FFF7EDFDC369EB
:10541C000A6943F00803C361C36923F00403C36141
:10542C00C3691343C361DDE70220B9E770B5056AB0
:10543C00046A114E24F001040462B042846916D04F
:10544C00B0F1804F13D0A6F59436B0420FD006F5CC
:10545C008066B0420BD044F0010263F3071201F0F6
:10546C000A0125F00A0319438261016270BD24F020
:10547C0003042243F1E700BF002C0140F8B590F87B
:10548C003C300546012B0C4600F081800120082A97
:10549C0085F83C005BD006D842B3042A35D00023F3
:1054AC0085F83C30F8BD0C2AF9D1D1E900272B68DE
:1054BC00CE68186A196A120321F480511962D969ED
:1054CC0020F4005021F4407141EA072102F400520B
:1054DC0066F30F310243D9611A62DA69A16822F4CA
:1054EC004062DA61DA6942EA01224EE02868CB6850
:1054FC0006C9FFF79BFF8369A26823F00C03836145
:10550C008369134383610020C9E72B68D1E9002725
:10551C00186ACE68196A120121F010011962996992
:10552C0020F0A00021F4407141EA072102F0A00212
:10553C0066F30F31024399611A629A69A16822F4E9
:10554C0040629A619A6942EA01229A61DBE72B6810
:10555C00D1E90021186A1E6AE76826F480761E627B
:10556C00DE69120226F00306314320F4007002F4C7
:10557C00007267F307110243D9611A62DA69A168F4
:10558C0022F00C02DA61DA690A43DA61BBE7022025
:10559C0088E710B50124036A01F01F018C4023EA4F
:1055AC0004030362036A8A401A43026210BD0000BE
:1055BC0008B529B990F83E30012B1DD001202EE002
:1055CC00042907D190F83F30012BF7D1022380F842
:1055DC003F3014E0082907D190F84030012BEDD171
:1055EC00022380F840300AE090F84130012BE5D1DD
:1055FC00022380F8413002E0022380F83E3000683C
:10560C000122FFF7C6FF0F4B984209D0B0F1804F33
:10561C000BD1836803F00703062B0DD1002008BDC6
:10562C00436C43F400434364F3E7074B9842F0D0D8
:10563C0003F580639842ECD0036843F001030360E8
:10564C00ECE700BF002C014000040040FFF7B0BFA6
:10565C0008B5034641BB90F83E0093F84220C0B217
:10566C000128D2B24DD1012A1DD1022291BB83F85F
:10567C003E2083F8422018680122FFF78AFF224B54
:10568C0098420AD0B0F1804F07D0A3F594339842DA
:10569C0003D003F5806398422ED1836803F007038F
:1056AC00062B29D1002008BD042905D190F83F0014
:1056BC0093F84320C0B2D3E708290BBF90F8400001
:1056CC0093F8410093F8442093F845200CBFC0B2E6
:1056DC00C0B2C5E7042904D183F83F2083F84320E6
:1056EC00C9E708290BBF83F8402083F8412083F8D1
:1056FC00442083F84520BEE7036843F001030360B0
:10570C00D0E70120CFE700BF002C014010B50424E6
:10571C00036A01F00F018C4023EA04030362036A5D
:10572C008A401A43026210BD08B529B990F842307C
:10573C00012B1DD001203EE0042907D190F8433005
:10574C00012BF7D1022380F8433014E0082907D14C
:10575C0090F84430012BEDD1022380F844300AE05C
:10576C0090F84530012BE5D1022380F8453002E05A
:10577C00022380F8423000680422FFF7C7FF436C15
:10578C0043F4004343640C4B98420AD0B0F1804F71
:10579C0007D0A3F59433984203D003F58063984265
:1057AC0004D1836803F00703062B03D0036843F08E
:1057BC0001030360002008BD002C0140FFF7B4BFBB
:1057CC0070477047026802F10C0353E8003F23F462
:1057DC0090730C3242E8003102680029F2D102F1D8
:1057EC00140353E8003F23F0010302F1140C4CE8BE
:1057FC0000310029F3D1036B012B0BD102F10C0307
:10580C0053E8003F23F0100302F10C0C4CE800317C
:10581C000029F3D1202380F8423000230363704722
:10582C0010B504460368C1681A6922F440520A4351
:10583C001A6182680069D9680243606921F4B05129
:10584C0021F00C0102430A43DA605A69A16922F47F
:10585C0040720A435A610E4A934215D1FFF76EFB10
:10586C0019234343626820689200B3FBF2F364226D
:10587C00B3FBF2F102FB11331B013233B3FBF2F336
:10588C0003EB0113836010BDFFF748FBE8E700BF93
:10589C0000380140F7B505460C4617461E462A68E7
:1058AC00136834EA030301D1002021E0701CF7D007
:1058BC00FDF74AFDC01B86421CD3DEB12B68DA68AB
:1058CC005107ECD5802CEAD0402CE8D01A6812078E
:1058DC00E5D5002401941A68284601925B6801936F
:1058EC00019BFFF76FFF082301206B6485F8404094
:1058FC0003B0F0BD0320FBE7704710B5044648B376
:10590C0090F8413003F0FF021BB980F84020FFF7FC
:10591C00F3FF2423226884F84130D368204623F413
:10592C000053D360FFF77CFF236800201A6922F430
:10593C0090421A615A6922F02A025A61DA6842F4DA
:10594C000052DA602023606484F8413084F84230DD
:10595C00606310BD0120FCE710B5044668B390F8F5
:10596C00413003F0FF021BB980F84020FFF7C4FF61
:10597C002423226884F84130D368204623F4005352
:10598C00D360FFF74DFF236800201A6922F4904280
:10599C001A615A6922F022025A615A6942F00802CD
:1059AC005A61DA6842F40052DA602023606484F8A9
:1059BC00413084F84230606310BD0120FCE72DE9D2
:1059CC00F843984690F841300446202B0E46174673
:1059DC003FD100293FD0002A3DD02123002545642A
:1059EC0080F84130FDF7B0FCA3688146B3F5805FC9
:1059FC00A784E78403D123690BB935461E46E38C93
:105A0C009BB253B943464A4640212046FFF742FF1A
:105A1C00202350B984F841300AE043464A4680219D
:105A2C002046FFF737FF28B12023032084F84130AC
:105A3C00BDE8F88322684EB935F8023BC3F308037E
:105A4C005360E18C013989B2E184D8E716F8013B47
:105A5C00F6E70220ECE70120EAE790F84130202B32
:105A6C0010D189B182B1C2848284002321220162C7
:105A7C000168436480F84120CA68184642F08002ED
:105A8C00CA607047022070470120704708B5002398
:105A9C00406AC385C38401F053FD08BD704790F87C
:105AAC00423007B5222B42D181680268B1F5805F84
:105ABC00836A3FD1016900293FD15268C2F30802C1
:105ACC0023F8022B8362C38D013B9BB2C385002B51
:105ADC002DD10268D16821F02001D160D16821F468
:105AEC008071D160516921F001015161202280F84F
:105AFC0042204363026B012A026828D1036302F13E
:105B0C000C0353E8003F23F0100302F10C0C4CE89B
:105B1C0000310029F3D11368DB0605D50191136818
:105B2C00019353680193019B818DFFF7B7FF03B07D
:105B3C005DF804FB39B9016929B95268D2B21A70FF
:105B4C00836A0133BEE7526802F07F02F7E701F087
:105B5C00F1FCECE7036873B51A6804461607D968BC
:105B6C005D6908D1960668D58D0666D502B0BDE88C
:105B7C007040FFF794BF05F0010001F490750543E8
:105B8C005BD0D60705D5CD0542BF636C43F001034E
:105B9C006364530704D518B1636C43F00203636468
:105BAC00960704D518B1636C43F0040363641507BE
:105BBC0007D501F0200303431EBF636C43F00803B9
:105BCC006364636C002B32D0920604D58B0602D52D
:105BDC002046FFF764FF266820467369626C03F069
:105BEC00400302F0080253EA020522D0FFF7EAFD57
:105BFC0073695E0618D5226802F1140353E8003F5E
:105C0C0023F04003143242E800310029F3D1E06B59
:105C1C0050B1744B4363FDF757FC40B1E06B436BE1
:105C2C0002B0BDE870401847204601F089FC02B074
:105C3C0070BD01F085FC6564F9E7206B012840F02C
:105C4C009480D50640F19180C80640F18E800022E8
:105C5C0001921A6801925A680192019A5A69520685
:105C6C004DD5E16B0A68526892B2002ADFD0A08D44
:105C7C009042DCD9E2858A69202A36D003F10C02E5
:105C8C0052E8002F22F4807203F10C0040E800214E
:105C9C000029F3D103F1140252E8002F22F0010283
:105CAC0003F1140040E800210029F3D103F11402A0
:105CBC0052E8002F22F0400203F1140040E80021CA
:105CCC000029F3D1202284F84220216303F10C0235
:105CDC0052E8002F22F0100203F10C0040E80021E2
:105CEC000029F3D1E06BFDF7CFFB02236363E38D57
:105CFC00A18DC91A89B22046FFF7D0FE97E7E28D35
:105D0C00E18D92B289B2002991D0A18D891A89B204
:105D1C0000298CD003F10C0252E8002F22F490726F
:105D2C0003F10C0545E800200028F3D103F114021F
:105D3C0052E8002F22F0010203F1140545E800207F
:105D4C000028F3D1202284F84220206303F10C02B6
:105D5C0052E8002F22F0100203F10C0545E8002058
:105D6C000028F3D102236363C5E7160628D50D0678
:105D7C0026D594F84120212A7FF459AFA168226AD4
:105D8C00B1F5805F17D12169A9B932F8021BC1F3B3
:105D9C00080159602262E28C013A92B2E284002A34
:105DAC007FF445AFDA6822F08002DA60DA6842F0FC
:105DBC004002DA603BE7511C216212785A60EAE734
:105DCC0050067FF534AF4A067FF531AFDA682046CE
:105DDC0022F04002DA60202384F8413001F0ADFB60
:105DEC0025E700BF995A000890F84030012B11D0DC
:105DFC002423026880F84130D36823F00C0343F06D
:105E0C000803D360202380F84130002380F8403011
:105E1C00184670470220704790F84030012B11D083
:105E2C002423026880F84130D36823F00C0343F03C
:105E3C000403D360202380F84130002380F84030E5
:105E4C00184670470220704790F8412090F84200A5
:105E5C00104370470023C285436422238285026964
:105E6C0080F84230816203681AB1DA6842F48072B9
:105E7C00DA605A69002042F001025A61DA6842F095
:105E8C002002DA60704770B590F84260202E07D17E
:105E9C0041B13AB100240463FFF7DCFF204670BD2A
:105EAC000220FCE70120FAE7836810B504462BB109
:105EBC000322014698470023C4E9023310BD4B1E50
:105ECC00032B00D9FEE78900081F70470139435C9A
:105EDC0013F0100004D0022916D80C4A32F8110025
:105EEC00DB0712D503290FD8DFE801F00205080BF8
:105EFC0040F00100704740F01000704740F4807093
:105F0C00704740F480507047FEE770472E980008A9
:105F1C000139032900D9FEE7014B585C704700BFDB
:105F2C002A9800080139032900D9FEE7014B585C77
:105F3C00704700BF269800082DE9F0410E46044634
:105F4C00FFF7BDFF06F1060805463146204604EB77
:105F5C000818FFF7DDFFD8F808302BB1C2432369CE
:105F6C001A61DA680243DA60771E04EB47039B88F8
:105F7C000B2B49D8DFE803F051181818060618182F
:105F8C004A4A4A2AE35DDE0604D5294604F110008C
:105F9C00FFF714FCE35DD80736D5294604F1100051
:105FAC00BDE8F041FFF752BBE35DD90604D52946A5
:105FBC0004F11000FFF7B8FBE35DDA0724D529469E
:105FCC0004F11000BDE8F041FFF7F2BA294604F1E4
:105FDC001000FFF73DFB31462046FFF7A3FF0146BB
:105FEC0006462046FFF772FF25692B6A1843D8F83E
:105FFC000830286243B131462046FFF789FFC3437E
:10600C002B61EB681843E860BDE8F081294604F188
:10601C001000BDE8F041FFF71BBB23691B68DB07D1
:10602C00F2D404F11000BDE8F041FFF729B870B5C7
:10603C00012504462946861C36F8023F23B1294621
:10604C002046FFF779FF00210135052DF4D1A36E11
:10605C003BB16FF0010223691A61DA6842F0010268
:10606C00DA6049B123691B68DB0705D404F1100021
:10607C00BDE87040FFF704B870BD00002DE9F04397
:10608C008DB0044698460F46FFF719FF4FF6FF7385
:10609C001646059305462369C0B95B6B002206932F
:1060AC000123CDE902329DF85030CDE90922079247
:1060BC0008920B92019204930B2E1DD8DFE806F088
:1060CC000F1545484A5355575B596264042801D152
:1060DC009B6BE3E708280CBFDB6B1B6CDEE70592C0
:1060EC002A4605A904F1100004E010232A46059362
:1060FC0005A9E018FFF71CF9013F04EB47039E804C
:10610C0006B3B8F1FF3F1DD0404600F0FFFFA84298
:10611C0064D140463249083E00F092FE032E05D869
:10612C00404601F0F9FE002101F0BCFF40462C492D
:10613C0000F0C0FE10F4801F0CBF01221022E35DA2
:10614C001343E3550DB0BDE8F08320230593C7E757
:10615C003023FBE760232A4605A904F110000593C0
:10616C00FFF70CF9C8E77023F5E75023EEE740235F
:10617C00ECE7022301932A4601A904F11000FFF772
:10618C007DF9B9E70A23F5E74046154900F092FE80
:10619C0010F4801000D0FEE7012304F110092A4608
:1061AC00019001A948460293FFF768F93946204649
:1061BC00FFF7B8FE431EE25C014642F00102E254D6
:1061CC000B2204EB43039A8002232046CDE90133D2
:1061DC00FFF775FE01A902464846D0E7FEE700BF6F
:1061EC0094990008013903299ABF00EB410080887B
:1061FC000020704701211030FEF768BF0369186852
:10620C0000F00100704710B502460C46FFF7F6FF90
:10621C0080B9CB68DB070ED5CB68104623F00103A1
:10622C00CB60FFF7E7FF6FF001032361E36843F0F6
:10623C000103E36010BD1046BDE81040FFF7DABF64
:10624C000B4B98420BD0B0F1804F0AD0A3F594338E
:10625C00984208D003F58063984206D0FEE70020F0
:10626C00704701207047022070470320704700BF21
:10627C00002C0140024670B5044652F8100FFFF78F
:10628C00DFFF0546104600F091FE0023084A04F19A
:10629C00600642F82530E36004F1B005B54204D045
:1062AC00103D2846F9F7F1FFF8E7204670BD00BF16
:1062BC0098050020F8B504460846FFF7C1FF23698E
:1062CC0003B1FEE71B4D04F10C0245F820200E2211
:1062DC0004F110063046C4E90C33C4E90E33C4E9AA
:1062EC001033C4E91623216184F82C30A36484F89C
:1062FC004C3084F84D30E46000F014FE04F160057D
:10630C0004F1B00728461035FFF7CEFDBD42F9D198
:10631C0000234FF6FF72C4E90033C4E90632C4E926
:10632C000833A360636180233046A362BDE8F84064
:10633C00FEF7A6BF9805002010B586B014220446BF
:10634C00002101A802F016F90023694601A8009368
:10635C00FEF704FE206900F0BFFE012802D00228DF
:10636C000FD0FEE7049CFEF7D9FDB4F5C06F05D045
:10637C000BD824F48074B4F5806F00D1400006B0C3
:10638C0010BD059CFEF7DAFDEFE7B4F5E06FF4E71E
:10639C00012A38B505460C460BD0022A16D004B19A
:1063AC00013C29692846CC62EC61BDE83840FFF716
:1063BC002ABFFFF7C1FF084BB0FBF3F044432A6937
:1063CC00230C93620133B4FBF3F4E8E7FFF7B4FF5B
:1063DC00B0FBF4F4F3E700BF40420F00F8B50546FC
:1063EC0014461A46FFF76BFD2B69822A9E6A0746F4
:1063FC0006F1010629D01FD8102A11D852BB4FF62E
:10640C00FF722969CB6A934203D1B4F5803F08BF70
:10641C001C4637BB4C632846BDE8F840FFF7F3BE7B
:10642C00812AECD12846FFF787FF124BB0FBF3F023
:10643C006043B0FBF6F4E2E7832AE0D1DB6A03FBAE
:10644C0004436424B3FBF4F4D9E72846FFF774FF44
:10645C006643EEE7DB6A03FB044301249440013CF2
:10646C00F0E7042F01D18C63D5E7082F0CBFCC6368
:10647C000C64D0E740420F00034B186810B1043095
:10648C00FEF738BE704700BF98050020FFF7F4BF39
:10649C00034B586810B10430FEF72CBE704700BF98
:1064AC0098050020034B986810B10430FEF722BE0B
:1064BC00704700BF98050020034BD86810B104301A
:1064CC00FEF718BE704700BF980500200022C0E9F7
:1064DC000022C0E902227047F8B504460E4600F1CE
:1064EC00600500F1B00728461035FFF7EFFFBD42FD
:1064FC00F9D10023204631462361FFF7DBFE20460D
:10650C00F8BD826810B50AB902F02AFCC368BDE870
:10651C001040184708B500B9FEE700F001FD00680F
:10652C00836E13B16030FFF7ECFF08BDFFF7F2BFCD
:10653C0010B500B9FEE7037F013B072B10D8DFE84D
:10654C0003F004140F100F0F0F12012400F0E8FCDD
:10655C000068063400EB041083680BB1FFF7D1FF21
:10656C0010BD0324F2E70424F0E70224EEE7FFF762
:10657C00DFBFFFF7DDBF01F08DBE01F093BE000061
:10658C0086B0042841D8DFE800F003101C28340042
:10659C001F4B20489A6942F004029A619B6903F0F0
:1065AC0004030193019B06B07047194B1A489A6972
:1065BC0042F008029A619B6903F008030293029B64
:1065CC00F1E7134B15489A6942F010029A619B69E6
:1065DC0003F010030393039BE5E70D4B10489A69F6
:1065EC0042F020029A619B6903F020030493049B00
:1065FC00D9E7074B0B489A6942F040029A619B69B4
:10660C0003F040030593059BCDE70020CBE700BFCB
:10661C000010024000080140000C01400010014035
:10662C0000140140001801402DE9F3478A46244923
:10663C0099469046064600F01BFCFFF701FE214FE1
:10664C00054657F8203073B9B020FFF794FF1C496A
:10665C000446304600F00CFC01462046FFF73CFF98
:10666C0057F825301C60164930461C6800F022FC97
:10667C00C0F3C43529462046FFF7B4FD042807466D
:10668C0007D0002304220093294633462046FFF707
:10669C00F5FC022251462046FFF77AFE4B46424655
:1066AC0029462046FFF79AFE042F05D0204602B05B
:1066BC00BDE8F047FFF7BBBC02B0BDE8F08700BFF8
:1066CC009499000898050020F8B51349064600F087
:1066DC00CFFBFFF7B5FD114F054657F8203073B9C6
:1066EC00B020FFF748FF0C490446304600F0C0FBD1
:1066FC0001462046FFF7F0FE57F825301C601C6859
:10670C0044B12046FFF7B6FD2046BDE8F840B02165
:10671C00FFF733BFF8BD00BF94990008980500201F
:10672C00FCF712BE704708B5FCF702FEFCF797FEAB
:10673C00FFF7F8FF08BD70470F4B84B0DA6942F0E1
:10674C008052DA61DA6902F080520192019A9A69F8
:10675C0042F001029A619A6902F001020292029AD5
:10676C005A6942F040025A615B6903F0400303939B
:10677C00039B04B0704700BF001002400C4BD3F8D1
:10678C00FC20D2015EBFD3F8FC2042F08072C3F82B
:10679C00FC200022074B5A601A6842F001021A6072
:1067AC0000BF00BF00BF5868B0FA80F040097047C6
:1067BC0000ED00E0001000E008B5FFF7BDFFFFF7AB
:1067CC00DDFFFCF7A3FDFFF7B6FF00F049FFBDE8C6
:1067DC0008400148FCF748BE1C0000200023C0E91B
:1067EC000033C0E9023370472DE9F04301250E4612
:1067FC009046002700F00F0905FA09F58BB0ACB2F2
:10680C00012C07F1010359D1C0F30310FFF7B8FEB7
:10681C0098B12D4BC26853F8293002A91B0A93FA80
:10682C00A3F3B3FA83F39C401440DC400323CDE97B
:10683C00025804940593FCF791FE14240023FFB234
:10684C007C43DFF88890D6F80880043406AD0693B4
:10685C004C44C5E901330993B8F1000F31D0022241
:10686C0031462846C047D6E9028C95E80300142629
:10687C007E43CDE9000109EB0603043393E80300E2
:10688C0085E80300DDE9000183E80300A3682846DE
:10689C000893E368C4F80880C4F80CC00993F9F7AE
:1068AC00F4FC19F90640002206212046FCF764FD91
:1068BC002046FCF791FD0BB0BDE8F0831F46640841
:1068CC009EE7C446D1E700BF34980008A805002015
:1068DC000023012803F101020AD11422DBB2534335
:1068EC00054A181D1044816829B11A4413691847C8
:1068FC0013464008EDE77047A80500200120FCF77F
:10690C0001BF0220FCF7FEBE0420FCF7FBBE0820F2
:10691C00FCF7F8BE1020FCF7F5BE08B52020FCF7FC
:10692C00F1FE4020FCF7EEFE8020FCF7EBFE4FF46E
:10693C008070FCF7E7FEBDE808404FF40070FCF7F0
:10694C00E1BE38B506244FF48065A8B2FCF7DAFE38
:10695C00013C4FEA4505F8D138BD0000344A08B572
:10696C001046062300F8043BFFF738FF072302F11B
:10697C0018001375FFF732FF082302F12C0082F880
:10698C002830FFF72BFF092302F1400082F83C303E
:10699C00FFF724FF0A23172102F1540082F850302C
:1069AC00FFF71CFF02F1680082F86410FFF716FF76
:1069BC0002F17C0082F87810FFF710FF02F19000D2
:1069CC0082F88C10FFF70AFF02F1A40082F8A010E5
:1069DC00FFF704FF82F8B410282102F1B800FFF78A
:1069EC00FDFE02F1CC0082F8C810FFF7F7FE02F1B1
:1069FC00E00082F8DC10FFF7F1FE02F1F40082F8FF
:106A0C00F010FFF7EBFE02F5847082F80411FFF72B
:106A1C00E5FE02F58E7082F81811FFF7DFFEBDE877
:106A2C00084002F5987082F82C11FFF7D7BE00BF12
:106A3C00A805002038B5054CA4F5A075143C201D04
:106A4C00F9F723FCAC42F9D138BD00BFE8060020B1
:106A5C007B4B82B09A69013842F001029A619B69C2
:106A6C0003F001030193019B23282CD8DFE810F0DD
:106A7C0024002D0034003B00400047004C00530024
:106A8C0058005F0068006D0074007D008200890072
:106A9C0092009B00A000A700B000B500BC002B002A
:106AAC002B002B00C100C8002B002B002B002B004F
:106ABC00CD00D200D900E000624A536843F0E06395
:106ACC0043F00103536002B070475E4A536823F0F1
:106ADC00010343F0E063F5E75A4A536843F0E0637F
:106AEC0043F00203EEE7574A536823F00203F0E742
:106AFC00544A536843F0E06343F00403E2E7514A1D
:106B0C00536823F00403E4E74E4A536843F0E06310
:106B1C0043F00803D6E74B4A536823F00803D8E741
:106B2C00484A536843F0E06343F03003CAE7454AF0
:106B3C00536823F0300343F0E06343F01003C1E7E4
:106B4C00404A536823F03003C3E73E4A536843F08E
:106B5C00E06343F0C003B5E73A4A536823F0C0033F
:106B6C0043F0E06343F04003ACE7364A536823F04C
:106B7C00C003AEE7334A536843F0E06343F4407319
:106B8C00A0E7304A536823F4407343F0E06343F4C6
:106B9C00007397E72B4A536823F4407343F0E06388
:106BAC0043F480738EE7274A536823F4407390E7CD
:106BBC00244A536843F0E06343F4406382E7214A7C
:106BCC00536823F4406343F0E06343F4006379E7D4
:106BDC001C4A536823F440637BE71A4A536843F01A
:106BEC00E06343F480536DE7164A536823F48053F3
:106BFC006FE7144A536843F0E06343F4004361E7E2
:106C0C00104A536823F4004363E70E4A536823F099
:106C1C00E06357E70B4A536823F0E06343F080735B
:106C2C0050E7084A536823F0E06343F0007349E7E8
:106C3C00044A536823F0E06343F0806342E700BFEB
:106C4C00001002400000014091FAA1F3B3FA83F363
:106C5C0070B50D0E0F2691FAA1F1B1FA81F14459DC
:106C6C009B0006FA03F3890024EA03048A402243BA
:106C7C00425170BD91FAA1F3B3FA83F370B50D0EC6
:106C8C00042691FAA1F1B1FA81F144599B0006FA5C
:106C9C0003F3890024EA03048A402243425170BD65
:106CAC00431C04D00C3151F80C3C5A1C01D100206F
:106CBC007047834201F10C01F5D1012070470000AF
:106CCC00431C2DE9F34106460F4600D1FEE7594B14
:106CDC0000F00F02C0F3031001F0070853F8224034
:106CEC00FFF74EFCB8F1010F054615D194FAA4F349
:106CFC00B3FA83F30321200E2A589B0001FA03F305
:106D0C0022EA030294FAA4F3B3FA83F39B009940AA
:106D1C0011432950012213E0C7F30620B8F1030FE9
:106D2C000AD801A353F828F0476D0008216D00081C
:106D3C00AB6D0008B96D0008FEE7FFF789FE08226D
:106D4C002146284608F1FF38FFF77EFFB8F1010F06
:106D5C0006D817F0080218BF04222146FFF78AFF55
:106D6C0094FAA4F2230EB2FA82F2E9580F2392009D
:106D7C00934094FAA4F2B2FA82F2C7F301170B40D3
:106D8C009200012F23FA02F312D0022F3BD0082BD2
:106D9C0021D1042221462846FFF756FF1BE07F280D
:106DAC0001D10922CCE7FFF753FEFAE70022C7E72F
:106DBC00042B04D1082221462846FFF745FF230A5D
:106DCC0093FAA3F3B3FA83F20123E968934021EA1F
:106DDC0014210B43EB60184B9A6942F001029A6143
:106DEC009B6903F001030193019BA6F10D03012B99
:106DFC0014D8124A536823F0E06343F08063536065
:106E0C0002B0BDE8F081042B04D1082221462846AB
:106E1C00FFF71AFFEB6823EA1423DBE70F2E02D0EF
:106E2C00133E012EECD8054A536823F0E06343F07F
:106E3C000073E4E7349800080010024000000140A1
:106E4C00431C06D17047834202D18968FFF738BFD3
:106E5C000C310B685A1CF6D1FEE70B685A1C01D199
:106E6C0000207047834201D1486870470C31F4E729
:106E7C00431C01D0FFF7F1BF002070474B6813B9DA
:106E8C004FF0FF307047834201D1086870470C31D6
:106E9C00F4E708B1FFF7F2BF4FF0FF30704703463D
:106EAC000868421C00D17047984201D1886870472D
:106EBC000C31F5E7431C01D0FFF7F1BF70470346D7
:106ECC008B42084604D01BB100290CBF1846002089
:106EDC00704700000F4B1A6842F001021A605968A3
:106EEC000D4A0A405A601A6822F0847222F48032E9
:106EFC001A601A6822F480221A605A6822F4FE0280
:106F0C005A604FF41F029A604FF00062034B9A6074
:106F1C00704700BF001002400000FFF800ED00E0D9
:106F2C000438704703681D4A84B093420BD11C4B44
:106F3C009A6942F400629A619B6903F400630093BE
:106F4C00009B04B07047B3F1804F0BD103F50433B1
:106F5C00DA6942F00102DA61DB6903F001030193A3
:106F6C00019BEEE70F4A93420AD10D4BDA6942F0CE
:106F7C000202DA61DB6903F002030293029BE0E791
:106F8C00094A9342DDD1064BDA6942F00402DA6118
:106F9C00DB6903F004030393039BD2E7002C01404D
:106FAC000010024000040040000800400368124A30
:106FBC00934206D102F56442936923F40063936112
:106FCC007047B3F1804F05D10C4AD36923F001030C
:106FDC00D36170470A4A934205D102F50332D36953
:106FEC0023F00203F4E7074A9342F2D102F502328E
:106FFC00D36923F00403EBE7002C0140001002409E
:10700C000004004000080040431C10D00C4B984278
:10701C0010D007D8B0F1804F0ED0A3F58063984202
:10702C000CD0FEE7074B9842FBD1192070476FF04C
:10703C000D0070471E2070471C2070471D207047A4
:10704C0000080040002C0140431C10D00C4B98420F
:10705C0010D007D8B0F1804F0ED0A3F580639842C2
:10706C000CD0FEE7074B9842FBD11B2070476FF00A
:10707C000D0070471E2070471C2070471D20704764
:10708C0000080040002C014038B50446FFF74AFFC9
:10709C000068FFF7B9FFD4E91212FCF76DF920680C
:1070AC00FFF7B2FFFCF798F922681046FFF7CCFF08
:1070BC0005461046FFF7A8FF85420BD0D4E9121203
:1070CC002846FCF759F92068FFF7BEFFBDE83840A9
:1070DC00FCF782B938BD0000431C0CD0094B984218
:1070EC000BD007D820F48063B3F1804F07D0064B48
:1070FC00984204D0FEE70020704702207047012020
:10710C00704700BF002C01400008004008B506493C
:10711C00FFF7D0FEC0F3C430431E032B00D9FEE7AB
:10712C008000043808BD00BF949900082DE9F04F89
:10713C008B4692469946044685B018B9002005B096
:10714C00BDE8F08F6449406DFFF792FE6349064637
:10715C00A06DFFF78DFE62490746E06DFFF788FED4
:10716C0060490546206EFFF783FE8046002EE5D071
:10717C00A36D013301D0002FE0D0E36D013301D0BA
:10718C00002DDBD0236E013302D0B8F1000FD5D027
:10719C0030463946FFF793FE0646206020B901467B
:1071AC00FFF78DFE0646206029463046FFF787FE26
:1071BC0041462060FFF783FE20600028BED04A4B7A
:1071CC00984252D103F55843DA6842F48042DA60AF
:1071DC00DA6822F48042DA609A6942F480429A6159
:1071EC009B69002203F480430193019B25233A49B8
:1071FC00606D84F8652084F86430FFF721FE1FB1C0
:10720C003649A06DFFF71CFE2DB13549E06DFFF737
:10721C0017FE4FF48075B8F1000F05D03149206E80
:10722C0045F40075FFF70CFE94F865202F4B261DD6
:10723C0043F8226023680022C4E9013B0E9B94F9B9
:10724C006400C4E904390C230121C4E90635C4F8EF
:10725C000CA02262FCF790F83046002F38D1FEF7D4
:10726C007BFBB0FA80F0400969E7214B984215D1BD
:10727C0003F5E6331A6942F400321A611A6922F4F2
:10728C0000321A61DA6942F40032DA61DB690122F8
:10729C0003F400330293029B2623A8E7154B984274
:1072AC007FF44CAF03F5E4331A6942F480221A617F
:1072BC001A6922F480221A61DA6942F48022DA61B6
:1072CC00DB69022203F480230393039B27238EE7BD
:1072DC00FEF713FBC5E700BF4C99000804990008A2
:1072EC00C89800088C98000800380140E806002077
:1072FC0000440040004800401FB50C4A0C4B9268FB
:10730C000C4953F822402046FFF7B2FD002350B140
:10731C0009481A4644654FF41651CDE90233CDE9BC
:10732C000033FFF703FF04B010BD00BF289C00081A
:10733C00689C00084C9900082800002008B5074BF1
:10734C0090F8652053F82200FEF77EFD00F0220035
:10735C00A0F122035842584108BD00BFE8060020A6
:10736C0008B5074B90F8652053F82200FEF76CFD2A
:10737C0000F02100A0F121035842584108BD00BF84
:10738C00E80600202DE9F84306460C46FBF7DCFF27
:10739C00274D074695F86530022B14D895F86520D3
:1073AC00244B53F82250A5F104084046FFF7D8FFB0
:1073BC00002836D14FF47A7331462846A2B2FEF734
:1073CC00FEFA50B90AE01C4A1C4B92681C4953F84F
:1073DC0022804046FFF74CFDE0B900242046BDE872
:1073EC00F88359F8232052B140461549FFF740FD68
:1073FC0095F8653059F82320126882420ED001337B
:10740C00DBB2022B85F86530EBD9FFF775FF00284E
:10741C00C4D1E2E70023DFF81C90F2E7022BBDD9C0
:10742C00F3E7FBF791FFC01BB0F57A7FBDD3D4E730
:10743C0028000020E8060020289C0008689C000812
:10744C004C99000870B50E46054610B94FF0FF3048
:10745C0070BDFFF773FF04460028F7D1294611F8D9
:10746C00663F0122337095F86500034B53F82000FA
:10747C00FEF709FD2046EBE7E806002038B50D467F
:10748C000446B8B1FFF75AFFA0B994F96400E5645B
:10749C00FBF7B0FF94F86500074B04F1660153F855
:1074AC0020000122FEF7EFFC94F96400BDE838409F
:1074BC00FBF792BF38BD00BFE806002038B5154673
:1074CC000446B8B1016590F96400FBF793FFB4F87A
:1074DC007630E16E9BB294F865001944064BAAB263
:1074EC0053F82000FEF7B9FA94F96400BDE838406F
:1074FC00FBF772BF38BD00BFE806002048B1836DB2
:10750C00013306D190F86520024B53F82200FEF7A8
:10751C006BBC7047E806002048B1836D013306D17F
:10752C0090F86520024B53F82200FEF775BC7047AB
:10753C00E8060020836C04381847C36C04381847DD
:10754C0030B5044650F8043985B01D6815F00105B6
:10755C0012D0002200921A6800925B680093009B84
:10756C00FFF7ECFE40BB0122204604F1620105B09E
:10757C00BDE83040FEF787BC196811F0020106D057
:10758C0001951A6801925B680193019BE8E71A6800
:10759C0012F0040206D002911A6802925B68029300
:1075AC00029BDDE719680907DAD503921A68039282
:1075BC005B680393039BD3E705B030BD08B525206A
:1075CC00FBF73EFF024B1868BDE80840FEF7C2BA55
:1075DC00E8060020262008B5FBF732FF034B58685D
:1075EC0018B1BDE80840FEF7B5BA08BDE8060020A2
:1075FC00272008B5FBF724FF034B986818B1BDE8AA
:10760C000840FEF7A7BA08BDE806002003460A4961
:10761C0010B508680344EFF30882934205D90C2295
:10762C004FF0FF30054B1A6010BD054A054C121B7C
:10763C009342F4D20B60F7E7A4000020600900200D
:10764C000050002000040000FEE700001622024B50
:10765C004FF0FF301A60704760090020012070471E
:10766C0010B590B02022002107A800F083FF14224F
:10767C00002101A800F07EFF102301220224CDE995
:10768C000A234FF4601306A806940D940F93FDF78C
:10769C00E7F900B1FEE70F23CDE901344FF4806325
:1076AC000390CDE90430214601A8FDF79BFB00B106
:1076BC00FEE710B010BDB0F80831B0F80421981AEC
:1076CC0000F03F007047B0F80831B0F804219BB2CD
:1076DC0093421ABFD0F8FC30985C4FF0FF307047E3
:1076EC0090F80631B0F80A01C0B2834227BFC3F14B
:1076FC003F03C018C01A00F1FF30704707B503688C
:10770C008DF8071001225B680DF10701984703B053
:10771C005DF804FB13B50DF107010446FFF792FE6B
:10772C0088B9B4F87430B4F87020013303F03F0317
:10773C00934208D0B4F874209DF80700A16E92B261
:10774C008854A4F8743002B010BD0000B0F8761064
:10775C00826F10B50A4402F03F02A0F87620B0F810
:10776C007610B0F8722089B28A421AD0B0F87640FE
:10777C004032A4B2B0F87610121B544289B204F015
:10778C003F0402F03F02C1F1400158BF62428A42FD
:10779C0028BF0A4604498267FFF790FE4FF0FF307E
:1077AC0010BD0020FCE700BF597700082DE9F84315
:1077BC00036804469B688846164698470123237441
:1077CC00D4F8EC30B4F8067101338146C7F14007A8
:1077DC0009D194F8113133B1002304F1940084F8E9
:1077EC001131FFF78BFE236820469B6898470028D1
:1077FC00F9D03546BD4225D84D4523D8B4F80631CD
:10780C00D4F800015A19402A184430D82A46414667
:10781C0000F000FF2F46B4F806311D4405F03F057B
:10782C00A4F8065104F194052846FFF799FD30B9E8
:10783C003A4628461549C4F80C71FFF73FFE30460E
:10784C00BDE8F8834F4528BF4F4623683A4641466A
:10785C005B6820469847236820469B689847ED1B39
:10786C00B844B4F806718146C7F14007C2E7C3F1CA
:10787C0040073A46414600F0CDFED4F80001EA1B21
:10788C0008EB070100F0C6FEC5E700BF59770008FA
:10789C00C0F8F030009B914208BF4FF0FF31C0F8A8
:1078AC00F43000F11403C0F8FC300023C0E93A2195
:1078BC0000F15402A0F80831C0E94023A0F80A31C5
:1078CC007047000073B54FF47A750026C0E9016566
:1078DC003D4D069C0560CDB2322D25D83B4E01F4B2
:1078EC00E06156F825502943D5B2322D30D8374EA9
:1078FC0002F4E06256F825502A43DDB2322D3BD813
:10790C00324E03F4E06356F825502B43E5B2322D8A
:10791C0046D82E4E04F4E06456F825502C430094BF
:10792C00FFF7B6FF02B070BD01F0C006C02E0CD13F
:10793C00CF2D0AD8264D01F03F0655F82660234D71
:10794C0001F4E06155F82650CDE74FF0FF31CBE75D
:10795C0002F0C006C02E0CD1CF2D0AD81C4D02F05F
:10796C003F0655F82660194D02F4E06255F8265092
:10797C00C2E74FF0FF32C0E703F0C006C02E0CD1B7
:10798C00CF2D0AD8124D03F03F0655F826600F4D47
:10799C0003F4E06355F82650B7E74FF0FF33B5E733
:1079AC0004F0C006C02E0CD1CF2D0AD8084D04F01F
:1079BC003F0655F82660054D04F4E06455F8265052
:1079CC00ACE74FF0FF34AAE7449D0008689C000820
:1079DC00289C0008037C70B504460D46A3B1FBF748
:1079EC00B3FC0646B4F80621B4F80A319BB29A42AD
:1079FC000AD0002DF8D0FBF7A7FC801B8542F1D8EC
:107A0C00B4F80A31A4F8063170BD0021FFF7E2BFCB
:107A1C00CBB2322B08D80E4A01F4E06152F8233075
:107A2C001943C0F8EC10704701F0C002C02A0CD109
:107A3C00CF2B0AD8074B01F03F0253F82220044BFE
:107A4C0001F4E06153F82230EAE74FF0FF31E8E748
:107A5C00689C0008289C0008CBB2322B08D80E4A30
:107A6C0001F4E06152F823301943C0F8E810704774
:107A7C0001F0C002C02A0CD1CF2B0AD8074B01F061
:107A8C003F0253F82220044B01F4E06153F82230FA
:107A9C00EAE74FF0FF31E8E7689C0008289C0008F3
:107AAC0073B54FF47A7316460022C0E901231D4BBF
:107ABC00044603604FF0FF33C0F8EC301A4B0D4610
:107ACC00984215D1C321FFF7A3FFC221FFF7C4FFD2
:107ADC004FF0FF33012E08BFC4F8EC300093204662
:107AEC00D4E93A214FF0FF33FFF7D2FE02B070BD5C
:107AFC000E4B0F499A680F4B53F82200FFF7B8F959
:107B0C00854202D1C3212046DDE70B492846FFF709
:107B1C00C0F90749C4F8EC002846FFF7BAF9C4F8D5
:107B2C00E800D5E7449D0008F4060020289C0008D6
:107B3C004C990008689C000804990008D0F8EC30B7
:107B4C0010B5013304460ED10368DB68984794F8EE
:107B5C00113143B9012304F1940084F81131BDE8CB
:107B6C001040FFF7D9BC10BD7FB5144602F00703D7
:107B7C00023BDBB2042B80F8122196BF1F4A002275
:107B8C00D25C04F03003302B0546C0F8141107D139
:107B9C004FF4C0630132082A09D0092A24D0FEE729
:107BAC0014F0200325D04FF480630132F3E7002258
:107BBC00E87CC4F3C0040390A87C05F19406029001
:107BCC00687C6403019000943046FFF7AFFA85F8A7
:107BDC00100188B12846FFF7B1FF3046084904B0C0
:107BEC00BDE87040FFF74ABC4FF48052E0E71A46FC
:107BFC00DEE7082AFBD0D2E704B070BD349D000844
:107C0C002177000810B50446FFF798FFB4F8082157
:107C1C00B4F8043192B29A4217BFD4F8FC204FF05A
:107C2C00FF30D05C01331CBF03F03F03A4F80431D8
:107C3C0010BD0000002202490248FFF731BF00BF0F
:107C4C0000440040F406002070B505460C4608467A
:107C5C0049B1F8F755FA2B68024621462846BDE88B
:107C6C0070405B68184770BD08B5FFF7EDFF08BDA5
:107C7C0003681B681847000008B50249FFF7E4FFCA
:107C8C0008BD00BFC795000838B50546FFF7DCFFF7
:107C9C0004462846FFF7F0FF204438BDFFF7F4BF39
:107CAC0070B50D46144630B1461E012E05D811464E
:107CBC002846FFF767FB204670BD03685B68984752
:107CCC00F9E70EB403B503AA52F8041B019200F0B5
:107CDC00FFFB02B05DF804EB03B070470023012AF0
:107CEC0098BF0A2230B58BB00C468DF8243009A908
:107CFC002546B4FBF2F404FB1253DBB2092B94BF00
:107D0C0030333733DBB2AA4201F8013DF0D9FFF72B
:107D1C009BFF0BB030BD2DE9F04107460E461446D3
:107D2C002AB9BDE8F0410368C9B21B6818470A2A92
:107D3C0005D1002905DBBDE8F041FFF7CFBFD2B27A
:107D4C00F9E72D21FFF794FF22460546714238468C
:107D5C00FFF7C4FF2844BDE8F081FFF7DCBF10B487
:107D6C0022B9026810BC1268C9B2104710BCD2B25A
:107D7C00FFF7B4BFFFF7F3BF38B50546FFF7EFFFCA
:107D8C0004462846FFF778FF204438BD10B504465A
:107D9C0000F05EFAE060236820465B699847002893
:107DAC0008DA00F055FAE368C01AA3689842F2D3D7
:107DBC004FF0FF3010BDF8B507460D460C468E1837
:107DCC00B44201D1601BF8BD3846FFF7DFFF431CFE
:107DDC00F8D004F8010BF3E72DE9F041074688468B
:107DEC0016461D4673B100243846FFF7CFFF431CDF
:107DFC0005D0404503D030550134A542F4D120467E
:107E0C00BDE8F0811C46FAE770B5C3B2322B0D46C3
:107E1C0086B03CD8304900F4E06451F823301C4360
:107E2C00022A48D0032A48D02C4E2D4B002A08BFDA
:107E3C001E462C4B9A6942F001029A619B6903F031
:107E4C0001030193019BA4F10D03012B37D8264AA2
:107E5C00536823F0E06343F0806353600023CDE963
:107E6C000233CDE90433AB683BB10222294602A8A8
:107E7C009847EB680593AB6804933246204602A9F9
:107E8C00FEF7B2FC02A8F8F700FA06B070BD00F0DD
:107E9C00C001C0290CD1CF2B0AD8144B00F03F01E4
:107EAC0053F821100C4B00F4E06453F82130B6E782
:107EBC004FF0FF34B4E70E4EBBE7094EB9E70F2C79
:107ECC0003D0A4F11303012BC8D8074A536823F03D
:107EDC00E06343F00073C0E7689C000800001110D9
:107EEC00000021100010024000000140289C0008F6
:107EFC000000311008B50320FBF72CFABDE8084050
:107F0C0000F0C4B908B5AFF30080F9F7E7FEFAF753
:107F1C00F5FA00F0ADF9FAE7C0F30312042A0346B0
:107F2C0010B50ED80020084AD9B252F8044B8C4236
:107F3C0003D103F4E063184310BD01303328F4D1AE
:107F4C00FAE73320F8E700BF689C0008FEF7C2FF91
:107F5C000B480C490C4A002302E0D458C45004339B
:107F6C00C4188C42F9D3094A094C002301E0136070
:107F7C000432A242FBD300F027FBFFF7C3FF70478C
:107F8C000000002004010020989D0008040100203E
:107F9C0068090020FEE791420FD008D90123891A05
:107FAC008B40984208D30130C8400138704720B14B
:107FBC000130521A9040F8E700207047014B1860CE
:107FCC00704700BFA8000020C3B2322B2DE9F0414E
:107FDC0007460E4631D82C4A00F4E06452F82330A0
:107FEC001C43621C4ED020462849FEF759FEDFF890
:107FFC00A0800546002831D0264AC4F3031152F85C
:10800C00210004F00F0520FA05F3DB075FBF012305
:10801C00AB40034342F821301F4BD8F800101D68C9
:10802C0030462A46FFF7B7FF1C490246EBB2204602
:10803C00BDE8F0410968FEF7F7BA00F0C002C02AAB
:10804C0020D1CF2B1ED8164B00F03F0253F8222024
:10805C000D4B00F4E06453F82230C1E7384601219F
:10806C0000F020F8D8F8001030460822FFF793FFF4
:10807C007F2898BF29463846BDE8F04188BF0121CA
:10808C0000F06EB8BDE8F081689C00089499000877
:10809C00B00000200C080020AC000020A80000203C
:1080AC00289C0008C3B2322B2DE9F0410D462AD88A
:1080BC00274A00F4E06452F823301C43621C44D07D
:1080CC00244EC4F3031756F8273004F00F0823FA94
:1080DC0008F3DB0710D520461F49FEF7E1FD10B170
:1080EC002046FEF7F1FA012256F8273002FA08F280
:1080FC0023EA020346F82730052D15D8DFE805F0F2
:10810C0015211B1D1F2300F0C002C02A1DD1CF2B2F
:10811C001BD8124B00F03F0253F822200C4B00F4FA
:10812C00E06453F82230C8E7FEE700212046BDE8A2
:10813C00F041FEF7C5BD1021F8E72021F6E7032139
:10814C00F4E70121F2E70921F0E7BDE8F08100BF77
:10815C00689C00080C08002094990008289C0008D2
:10816C00C3B2322B1BD8174A00F4E06052F823300C
:10817C001843431C25D0C0F30313042B98BF124A99
:10818C0000F00F0098BF52F82320104B88BF00223C
:10819C0053F82030C3F30F2391B11361704700F0F3
:1081AC00C002C02A0DD1CF2B0BD8094B00F03F02D7
:1081BC0053F82220034B00F4E06053F82230D7E749
:1081CC0053617047689C0008080000203498000830
:1081DC00289C0008C3B2322B1CD8194A00F4E0606A
:1081EC0052F823301843431C25D0C0F30313042B3F
:1081FC0023D8144A00F00F0052F82330124A9B681F
:10820C0052F82020D84300EA122080B2B0FA80F055
:10821C004009704700F0C002C02A0CD1CF2B0AD8FD
:10822C000A4B00F03F0253F82220054B00F4E060AB
:10823C0053F82230D6E70020704700239B68FFDEFE
:10824C00689C00080800002034980008289C00084E
:10825C00FEF766BA38B5044648B1FEF761FA054632
:10826C0000F016F8FEF75CFA431BA342F8D338BDB6
:10827C0008B5044B2BB10448FFF71DFA08B1AFF356
:10828C00008008BD00000000F4060020FEF794BA40
:10829C0070470000024B0146186800F02DB800BF73
:1082AC00B4000020024B0146186800F0C1B900BFB1
:1082BC00B400002070B50F4E0C463168054611B95C
:1082CC0000F060F930602146284600F05BF9431C51
:1082DC0003D14FF0FF34204670BDC41C24F00304BE
:1082EC00A042F8D0211A284600F04CF90130F2D106
:1082FC00EFE700BF200800202DE9F843CD1C25F046
:10830C00030508350C2D38BF0C25002D064601DB66
:10831C00A94204D90C2333600020BDE8F883DFF8B0
:10832C00D48000F069F8D8F800301C4644BB2946CC
:10833C003046FFF7BFFF431C044658D1D8F8004025
:10834C002746002F43D1002C4BD0236839463046AA
:10835C0004EB030900F016F9814542D1216830463F
:10836C006D1A2946FFF7A6FF01303AD023682B443B
:10837C002360D8F800305A6862BBC8F800700FE070
:10838C002268521B20D40B2A17D96119A3422560ED
:10839C0018BF5960636808BFC8F8001062514B6081
:1083AC00304600F02FF804F10B00231D20F00700DD
:1083BC00C21A1CBF1B1AA350AFE76268A3420CBFC2
:1083CC00C8F800205A60EBE723466468AEE73C46E9
:1083DC007F68B6E71A465B68A342FBD10023536063
:1083EC00DEE70C233046336000F00CF894E70560B0
:1083FC00D6E700BF24080020014800F009B900BFEF
:10840C0064090020014800F004B900BF6409002091
:10841C00024B0A460146186800F002B8B40000206E
:10842C002DE9F041074614460D4621B91146BDE829
:10843C00F041FFF761BF2AB900F0FAF8254628464B
:10844C00BDE8F08100F03CF98442064602D8B4EB5A
:10845C00500FF4D821463846FFF74EFF804608B936
:10846C004546ECE7B4422246294628BF324600F086
:10847C00D1F82946384600F0DBF8F1E72DE9F04158
:10848C000F464FF40071ADF5047D03AD0DF11008EE
:10849C0029600093414613462A46064600F022F80E
:1084AC00044688B10246394630462B6800F07AF80B
:1084BC004445286003D02146304600F0B9F82868BE
:1084CC000DF5047DBDE8F0814FF0FF30F8E70000BA
:1084DC0013460A46014602480068FFF7CFBF00BFAB
:1084EC00B400002070B515469AB01A4689B12C68B4
:1084FC009CB94FF4227321460026B442ADF80C30DF
:10850C001996009104910BDA8B23036000201AB0AA
:10851C0070BD4FF422730C46EEE74FF4C163EBE7EA
:10852C004FF6FF736946ADF80E301E9B029405940E
:10853C0000F02EF90028E9DB009B28601E700498DF
:10854C00E5E7884210B501EB020402D984422346C8
:10855C0007D8431EA14207D011F8012B03F8012FB5
:10856C00F8E70244824200D110BD13F8011D02F855
:10857C00011DF7E703460244934200D1704703F80C
:10858C00011BF9E738B50023054D044608462B605E
:10859C00FFF73CF8431C02D12B6803B1236038BDB4
:1085AC006009002038B50446084611460022054DE6
:1085BC002A601A46FFF774FB431C02D12B6803B1E7
:1085CC00236038BD6009002070B500260C4D0D4BA2
:1085DC005B1B9C10A64209D1002600F0C5FB0A4D7E
:1085EC000A4B5B1B9C10A64205D170BD55F8043B91
:1085FC0098470136EEE755F8043B98470136F2E709
:10860C00709D0008709D0008709D0008889D0008F2
:10861C00704770470A44914200F1FF3300D1704714
:10862C0010B511F8014B914203F8014FF9D110BD6F
:10863C0038B50546002940D051F8043C0C1F002BDE
:10864C00B8BFE418FFF7D8FE1C4A136833B963604F
:10865C0014602846BDE83840FFF7D4BEA34208D9C1
:10866C00206821188B4201BF19685B6809182160CA
:10867C00EDE71A465B680BB1A342FAD911685018A2
:10868C00A0420BD120680144501883421160E0D104
:10869C0018685B68084410605360DAE702D90C2351
:1086AC002B60D6E7206821188B4201BF19685B68E4
:1086BC000918216063605460CBE738BD24080020A2
:1086CC0051F8043C181F002BBCBF0B58C018704746
:1086DC002DE9F0471F468E688246BE420C469046F6
:1086EC00334653D8B1F90C0010F4906F2BD0656958
:1086FC002368096905EB4505A3EB010905EBD57565
:10870C007B1C6D104B44AB422A4684BF1D462A4647
:10871C00430527D511465046FFF7EEFD064658B3E4
:10872C004A462169FFF776FFA38923F4906343F04F
:10873C008003A38126614E4426603B463E4665611C
:10874C00A5EB0905A5601F463A4641462068FFF790
:10875C00F8FE0020A3689B1BA36023683B442360A6
:10876C00BDE8F0875046FFF75BFE06460028E1D1D6
:10877C0050462169FFF75CFF0C23CAF80030A3892F
:10878C004FF0FF3043F04003A381E9E73E46DBE7BF
:10879C002DE9F04F98468B8907461B060D4614466B
:1087AC009DB010D50B6973B94021FFF7A5FD28606A
:1087BC00286130B90C233B604FF0FF301DB0BDE891
:1087CC00F08F40236B610023099320238DF829300F
:1087DC0030234FF00109CDF80C80DFF898818DF82B
:1087EC002A3023469A4613F8012B0AB1252AF9D1CF
:1087FC00BAEB040B0BD05B46224629463846FFF7F2
:10880C0067FF013000F0A780099A5A4409929AF840
:10881C000030002B00F09F8000234FF0FF32CDE999
:10882C0005230AF1010A049307938DF853301A9328
:10883C005446052214F8011B4E4800F037FA049AEE
:10884C00D8B9D00644BF20238DF85330110744BF4C
:10885C002B238DF853309AF800302A2B15D0544620
:10886C0000204FF00A0C079A214611F8013B303BCF
:10887C00092B4BD9B0B1079214E0A0EB080309FA0D
:10888C0003F31343A2460493D2E7039B191D1B6801
:10889C000391002BBBBF5B4242F00202079307938C
:1088AC00B8BF049223782E2B0AD163782A2B32D1AD
:1088BC00039B02341A1D1B68039243EAE37305936E
:1088CC00DFF8B4A003225046217800F0EFF938B15C
:1088DC004022049BA0EB0A00824013430134049312
:1088EC0014F8011B062225488DF8281000F0DEF93B
:1088FC00002836D0224B1BBB039B073323F0070306
:10890C0008330393099B334409936AE70C4601200F
:10891C000CFB0232A8E700234FF00A0C1946013475
:10892C000593204610F8012B303A092A03D9002B65
:10893C00C6D00591C4E7044601230CFB0121F0E7E6
:10894C0003AB00932A4638460E4B04A9AFF30080C4
:10895C00421C0646D6D1AB895B063FF52DAF099874
:10896C002CE703AB00932A463846064B04A900F0CB
:10897C007DF8EDE7CA950008D0950008D49500085D
:10898C0000000000DD8600082DE9F04716469846E9
:10899C008A680B6907469342B8BF1346336091F857
:1089AC0043200C46DDF820900AB101333360236874
:1089BC00990642BF336802333360256815F006050B
:1089CC0006D104F1190AE36832689B1AAB422BDC1E
:1089DC0094F843302268003B18BF0123920630D430
:1089EC004146384604F14302C847013023D023687E
:1089FC00226903F00603042B14BF002533684FF0E3
:108A0C00000608BFE56804F11A0408BFED1A54F813
:108A1C00123C08BF25EAE5759342C4BF9B1AED18BA
:108A2C00B5421AD1002008E001235246414638468F
:108A3C00C847013003D14FF0FF30BDE8F087013556
:108A4C00C1E73020E11881F843005A1C94F8451016
:108A5C002244023382F84310C2E7012322464146E6
:108A6C003846C8470130E6D00136D9E72DE9FF4733
:108A7C000F7E9146782F80460C469A460C9E01F14B
:108A8C00430207D8622F0AD8002F00F0D280582F4B
:108A9C0000F0B78004F1420684F842703AE0A7F186
:108AAC006303152BF6D801A151F823F0118B0008A4
:108ABC00258B0008A18A0008A18A0008A18A000859
:108ACC00A18A0008258B0008A18A0008A18A000849
:108ADC00A18A0008A18A0008258C00084F8B000889
:108AEC00DB8B0008A18A0008A18A0008478C0008CB
:108AFC00A18A00084F8B0008A18A0008A18A0008EF
:108B0C00E38B000833681A1D1B68326004F14206BF
:108B1C0084F8423001239DE033682068191D3160D0
:108B2C00060601D51D6803E04506FBD5B3F90050D8
:108B3C00002D03DA2D236D4284F843300A23594863
:108B4C0010E021683368080653F8045B02D4490628
:108B5C0048BFADB26F2F5348336059D10823002161
:108B6C0084F843106668002EA66005DB21682E434E
:108B7C0021F0040121604DD01646B5FBF3F103FB47
:108B8C001157C75D06F8017D2F46BB420D46F4D93F
:108B9C00082B0BD12368DF0708D52369616899423C
:108BAC00DEBF302306F8013C06F1FF36921B226132
:108BBC004B4621464046CDF800A003AAFFF7E4FE41
:108BCC0001304CD14FF0FF3004B0BDE8F087236882
:108BDC0043F0200323607827334884F845702368DA
:108BEC0031681F0651F8045B02D45F0648BFADB272
:108BFC003160D90744BF43F0200323601DB110231B
:108C0C00ADE72848E9E7236823F020032360F6E763
:108C1C000A23A4E71646BBE733682568181D61696B
:108C2C0030602E061B6801D5196002E06806FBD582
:108C3C001980002316462361BAE7336800211A1DF8
:108C4C0032601E686268304600F030F808B1801B54
:108C5C00606063682361002384F84330A8E73246E0
:108C6C00494640462369D0470130ABD023689B0767
:108C7C0013D4E068039B9842B8BF1846A4E70123BD
:108C8C00324649464046D04701309BD00135E36817
:108C9C0003995B1AAB42F2DCEBE7002504F11906F1
:108CAC00F5E700BFDB950008EC950008034610B50E
:108CBC00C9B202449342184601D1002003E0047863
:108CCC0001338C42F6D110BD062008B500F02CF80B
:108CDC000120FEF7B9FC1F2938B505460C4604D90E
:108CEC00162303604FF0FF3038BDC26B12B152F83F
:108CFC0021304BB9284600F031F82246014628466F
:108D0C00BDE8384000F018B8012B0AD0591C03D12B
:108D1C00162303600120E7E70021204642F82410C7
:108D2C0098470020E0E70000024B01461868FFF767
:108D3C00D2BF00BFB400002038B50023064D044656
:108D4C00084611462B60FEF781FC431C02D12B68B0
:108D5C0003B1236038BD00BF60090020FEF77EBC64
:108D6C0008B5FFF7B1FF0000F8B500BFF8BC08BCB0
:108D7C009E467047F8B500BFF8BC08BC9E467047CD
:108D8C007E58506F776572734158503231303100D4
:108D9C005344413A25642053434C3A2564004865BA
:108DAC00616450686F6E6520646574656374656496
:108DBC00004D697374616B652021205468652073C4
:108DCC0074657073206973206D757374202575201C
:108DDC006D56004D697374616B6520212054686574
:108DEC00206D696E696D756D207365747461626C4C
:108DFC006520766F6C74616765206F6620565359D9
:108E0C0053206973202575206D56004D697374616C
:108E1C006B65202120546865206D6178696D756DD6
:108E2C00207365747461626C6520766F6C74616715
:108E3C0065206F6620565359532069732025752081
:108E4C006D56004661696C656420746F20646973AB
:108E5C0061626C652074686520706F776572206341
:108E6C0068616E6E656C2C2074686520706F776518
:108E7C0072206368616E6E656C2068617320626538
:108E8C00656E2070726F74656374656400454E4145
:108E9C00424C450044495341424C45002573202D1A
:108EAC00204845583A30782578200A004D6973746B
:108EBC00616B652021202054686520737465707384
:108ECC00206973206D7573742025756D56004D697E
:108EDC007374616B65202120546865207374657010
:108EEC0073206973206D7573742025756D56004D54
:108EFC00697374616B65202120444335206D696E64
:108F0C00696D756D20766F6C74616765206973206F
:108F1C0025756D56202C25756D56004D6973746141
:108F2C006B65202120444335206D6178696D756D2A
:108F3C0020766F6C746167652069732025756D569A
:108F4C00004D697374616B65202120424C444F3194
:108F5C00206D696E696D756D206F757470757420F8
:108F6C00766F6C74616765206973202025756D566A
:108F7C00004D697374616B65202120424C444F3164
:108F8C00206D6178696D756D206F757470757420C6
:108F9C00766F6C74616765206973202025756D563A
:108FAC00004D697374616B65202120444C444F3132
:108FBC00206D696E696D756D206F75747075742098
:108FCC00766F6C74616765206973202025756D560A
:108FDC00004D697374616B65202120444C444F3102
:108FEC00206D6178696D756D206F75747075742066
:108FFC00766F6C74616765206973202025756D56DA
:10900C00004D697374616B65202120427574746F17
:10901C006E2062617474657279206368617267692D
:10902C006E67207374657020766F6C746167652051
:10903C006973202575206D56004D697374616B65DD
:10904C00202120546865206D696E696D756D2063F3
:10905C006861726765207465726D696E6174696FA1
:10906C006E20766F6C74616765206F66207468651E
:10907C0020636F696E2063656C6C2062617474652B
:10908C007279206973202575206D56004661696CD4
:10909C00656420746F207365742074686520706F2C
:1090AC00776572206368616E6E656C2C20746865E0
:1090BC0020706F776572206368616E6E656C2068D6
:1090CC006173206265656E2070726F746563746580
:1090DC0064004D697374616B652021204443312019
:1090EC006D696E696D756D20766F6C746167652046
:1090FC006973202575206D56004D697374616B651D
:10910C00202120444331206D6178696D756D207686
:10911C006F6C74616765206973202575206D56002E
:10912C004D697374616B65202120414C444F312093
:10913C006D696E696D756D206F75747075742076C0
:10914C006F6C74616765206973202025756D5600FE
:10915C004D697374616B65202120414C444F312063
:10916C006D6178696D756D206F757470757420768E
:10917C006F6C74616765206973202025756D5600CE
:10918C004D697374616B65202120414C444F322032
:10919C006D696E696D756D206F7574707574207660
:1091AC006F6C74616765206973202025756D56009E
:1091BC004D697374616B65202120414C444F322002
:1091CC006D6178696D756D206F757470757420762E
:1091DC006F6C74616765206973202025756D56006E
:1091EC004D697374616B65202120414C444F3320D1
:1091FC006D696E696D756D206F7574707574207600
:10920C006F6C74616765206973202025756D56003D
:10921C004D697374616B65202120414C444F3320A0
:10922C006D6178696D756D206F75747075742076CD
:10923C006F6C74616765206973202025756D56000D
:10924C004D697374616B65202120414C444F34206F
:10925C006D696E696D756D206F757470757420769F
:10926C006F6C74616765206973202025756D5600DD
:10927C004D697374616B65202120414C444F34203F
:10928C006D6178696D756D206F757470757420766D
:10929C006F6C74616765206973202025756D5600AD
:1092AC004D697374616B652021204350554C444FBC
:1092BC00206D696E696D756D206F75747075742095
:1092CC00766F6C74616765206973202025756D5607
:1092DC00004D697374616B652021204350554C44DB
:1092EC004F206D6178696D756D206F757470757434
:1092FC0020766F6C74616765206973202025756D0D
:10930C005600504D55206973206E6F74206F6E6C33
:10931C00696E652E2E2E0067657449443A307825A7
:10932C00780A00594553004E4F00697343686172C7
:10933C0067696E673A006973446973636861726741
:10934C00653A0069735374616E6462793A006973AB
:10935C0056627573496E3A00697356627573476F3E
:10936C006F643A0067657443686172676572537421
:10937C00617475733A007472695F636861726765D2
:10938C00007072655F63686172676500636F6E730E
:10939C0074616E742063686172676500636F6E73CD
:1093AC0074616E7420766F6C7461676500636861BC
:1093BC0072676520646F6E65006E6F742063686100
:1093CC007267696E0067657442617474566F6C7471
:1093DC006167653A0067657456627573566F6C7495
:1093EC006167653A0067657453797374656D566F80
:1093FC006C746167653A0067657442617474657278
:10940C007950657263656E743A002500535441546B
:10941C005553203D3E204845583A002042494E3A8B
:10942C0000697344726F705761726E696E674C6538
:10943C0076656C3200697344726F705761726E6935
:10944C006E674C6576656C3100697357647454694A
:10945C006D656F75740069734261744368617267FE
:10946C00654F76657254656D706572617475726561
:10947C00006973426174576F726B4F7665725465F5
:10948C006D706572617475726500697342617457B1
:10949C006F726B556E64657254656D706572617434
:1094AC0075726500697356627573496E7365727473
:1094BC000069735662757352656D6F7665006973DA
:1094CC00426174496E7365727400697342617452BF
:1094DC00656D6F766500697350656B657953686F60
:1094EC0072745072657373005265616420706D758F
:1094FC00206461746120627566666572202E002C92
:10950C0000697350656B65794C6F6E67507265734B
:10951C007300697350656B65794E65676174697624
:10952C006500697350656B6579506F736974697602
:10953C00650069734C646F4F766572437572726522
:10954C006E744972710069734261746665744F760A
:10955C00657243757272656E7449727100697342FB
:10956C006174436861676572446F6E65006973422C
:10957C0061744368616765725374617274006973D6
:10958C004261744469654F76657254656D7065729D
:10959C0061747572650069734368616765724F76B3
:1095AC00657254696D656F75740069734261744FAF
:1095BC00766572566F6C74616765000D0A00232D19
:1095CC00302B2000686C4C006566674546470030C0
:1095DC00313233343536373839414243444546000D
:1095EC00303132333435363738396162636465660D
:1095FC00000000000000000000000000B30800089C
:10960C003F0B00081508000823080008D1080008C3
:10961C0019020008390200085D0300085D0100080A
:10962C00B112000875110008190B00086709000831
:10963C001109000849120008ED130008450800083C
:10964C00F70900082D1A0008A5320008B3320008EB
:10965C00C33200085D320008651F00086716000859
:10966C00E70900087F1F0008F5120008C10900086F
:10967C0033160008B1090008FF1500089B09000803
:10968C0025090008BF12000891150008851500086F
:10969C00B3010008C9010008870100089D010008FA
:1096AC005F01000871010008DF010008F5010008E6
:1096BC00F5110008DF13000803120008D11300088D
:1096CC001F120008C31300083B120008B513000852
:1096DC0011120008A71300082D1200089913000896
:1096EC0011110008CF150008850900089D15000808
:1096FC0075090008000002000005000003000004CA
:10970C003029003928005D7D005B7B00B70000B577
:10971C00D600B6D700B400008590008489008388F9
:10972C0000828700818600607E0033230032400077
:10973C00080000D4D500C1000009D200B1D000341B
:10974C0024004500005700005000003D2B002D5F09
:10975C00005C7C002F3F00520000530000312100C0
:10976C000AD100382A00372600365E00352500461F
:10977C0000005800005100002E3E0049000055002A
:10978C00005900005400005600003B3A0041000014
:10979C004C00004B00004A0000480000470000430A
:1097AC0000002722005A00004F00002C3C004D0006
:1097BC00004E0000420000440000200000000000A9
:1097CC00C8C91213141516171C1D1E1FCACBCCCDDD
:1097DC00CECF2627C0C1C2C3C4C5C600000000003E
:1097EC0000000000672A0008A92A00088927000841
:1097FC00052C00088D27000895270008AF270008C6
:10980C00C37D0008E57D000801020203040506077C
:10981C0008090A0B0C0D0E0F1010020104030204B0
:10982C0008100400400000040101000002020000C6
:10983C0004040000080800001010000020200000A4
:10984C00404000008080000001000104020002047E
:10985C000400040408000804100010042000200474
:10986C00400040048000800400000000010203045A
:10987C0000000000000000000102030406070809B4
:10988C000000000000440040120000000B0000002B
:10989C0000380140120000001D000000004800408C
:1098AC00120B00001D01000000480040120A0000CD
:1098BC00FFFFFFFF0000000000000000010000009F
:1098CC0000440040120800000C0000000038014069
:1098DC00120000001E0000000048004012000000B2
:1098EC001E01000000480040120A0000FFFFFFFFAD
:1098FC0000000000000000000300000000440040D5
:10990C00100800000A00000000380140100600009A
:10991C001700000000380140100500001B0000007B
:10992C0000480040100000002B00000000480040E0
:10993C00100A0000FFFFFFFF000000000000000005
:10994C000200000000440040120800000900000062
:10995C0000380140120600001600000000380140DB
:10996C00120500001A000000004800401200000020
:10997C002A00000000480040120A0000FFFFFFFF11
:10998C00000000000000000000000000000000408B
:10999C001280000000010000000000401290000046
:1099AC000100000000000040121201000101000043
:1099BC0000000040121001000200000000000040F6
:1099CC0012920100020100000000004012910100FF
:1099DC00030000000000004012120200030100000E
:1099EC0000000040121102000600000000040040BC
:1099FC001295000007000000002C0140128D100091
:109A0C0007010000000400401215010008000000CE
:109A1C00002C0140128E000008010000002C0140B7
:109A2C00128D000009000000002C0140120E0100F4
:109A3C0009010000002C0140120D01000A00000079
:109A4C00002C0140128E01000A010000002C014084
:109A5C00128D01000B000000002C0140120E0200C0
:109A6C000B010000002C0140120D02000F00000041
:109A7C0000000040129100000F01000000000040A7
:109A8C00128F000010000000002C0140120D11007C
:109A9C0010010000000400401295010010020000AB
:109AAC00000400401294010011000000002C014041
:109ABC00128D11001101000000040040121502006B
:109ACC0011020000000400401214020013000000F8
:109ADC0000000040121101001301000000000040C2
:109AEC00120F01001400000000040040129400004A
:109AFC0015000000000400401214010016000000C4
:109B0C0000080040129700001700000000080040F9
:109B1C001217010018000000000800401297010005
:109B2C001900000000080040121702001A00000083
:109B3C0000000040129001001A01000000000040DB
:109B4C00128F01001B0000000000004012100200E8
:109B5C001B01000000000040120F02001D0000005D
:109B6C00002C0140128E10001E000000002C014041
:109B7C00120E11001F000000002C0140128E11006B
:109B8C002600000000040040129300002700000093
:109B9C0000040040121301002800000000040040E3
:109BAC00129301002900000000040040121302006F
:109BBC00FFFFFFFF00000000000000001600000087
:109BCC00005400400A04000018000000005400403B
:109BDC000A0300001A000000005800400A000000B0
:109BEC00FFFFFFFF00000000000000001700000056
:109BFC00005400400A04000019000000005400400A
:109C0C000A0300001B000000005800400A0000007E
:109C1C00FFFFFFFF0000000000000000000000003C
:109C2C00010000000200000003000000040000001E
:109C3C0005000000060000000700000010000000F6
:109C4C001100000020000000210000002200000094
:109C5C00230000002400000025000000000000008C
:109C6C0001000000020000000300000004000000DE
:109C7C0005000000060000000700000008000000BE
:109C8C00090000000A0000000B0000000C0000009E
:109C9C000D0000000E0000000F000000100000007E
:109CAC00110000001200000013000000140000005E
:109CBC00150000001600000017000000180000003E
:109CCC00190000001A0000001B0000001C0000001E
:109CDC001D0000001E0000001F00000020000000FE
:109CEC0021000000220000002300000024000000DE
:109CFC0025000000260000002700000028000000BE
:109D0C00290000002A0000002B0000002C0000009D
:109D1C002D0000002E0000002F000000300000007D
:109D2C0031000000320000000600070008000000AF
:109D3C00000000000000000009770008B977000857
:109D4C00ED760008177A0008C3760008117C00082D
:0C9D5C00D3760008C37D0008E57D0008F8
:089D6800A463FF7F010000006D
:109D7000017F0008410100085D2500089D2D0008B5
:089D800069690008417C00083C
:109D88001D010008B5250008AD2D0008416A00082E
:109D9800FF0100001000000000080140000C014015
:109DA800001001400014014000180140003002403A
:109DB8000000000000127A0000000000000000000F
:109DC800000000000000000000000000000000008B
:109DD800000000000000000000000000000000007B
:109DE800000000000000000000000000000000006B
:109DF800000000000000000000000000000000005B
:109E0800000000000000000000000000FFFFFFFF4E
:109E1800FFFFFFFFFFFFFFFFFFFFFFFF0003000043
:109E2800000000000000000000000000000000002A
:109E38000000000068090020E80300000800000096
:109E480008000000B80000200000000028080020DA
:109E580090080020F8080020000000000000000022
:109E680000000000000000000000000000000000EA
:109E780000000000000000000000000000000000DA
:109E880000000000000000000000000000000000CA
:049E980000000000C6
:0400000508007F5917
:00000001FF
